drug_id,name,drugbank_id,pubchem_cid,alias
C012255,clobazam,DB00349,2789,clobazam#Frisium#HR 376#LM-2717#Onfi#Urbanyl
C030852,vinorelbine,DB00361,44424639,5'-nor-anhydrovinblastine#KW 2307#KW-2307#Navelbine#vinorelbine#vinorelbine tartrate
C043211,carvedilol,DB01136,2585,"BM 14190#BM-14190#carvedilol#carvedilol hydrochloride#carvedilol, (+-)-isomer#carvedilol, (R)-isomer#carvedilol, (S)-isomer#carvedilol, 14C-labeled#Coreg#Coropres#Dilatrend#Eucardic#Kredex#Querto"
C044946,benazepril,DB00542,5362124,benazapril#benazepril#benazepril hydrochloride#benzazepril#Briem#CGS-14824-A#CGS-14824A#Cibacen#Cibacène#Labopal#Lotensin
C045463,leflunomide,DB01097,3899,Arava#Aventis Behring Brand of Leflunomide#Aventis Brand of Leflunomide#Aventis Pharma Brand of Leflunomide#Hoechst Brand of Leflunomide#HWA 486#HWA-486#leflunomide#N-(4-trifluoromethyphenyl)-5-methylisoxazole-4-carboxamide#SU101
C047781,lamotrigine,DB00555,3878,"3,5-diamino-6-(2,3-dichlorophenyl)-1,2,4-triazine#3,5-diamino-6-(2,3-dichlorophenyl)-as-triazine#BW-430C#Crisomet#Labileno#Lamictal#Lamiktal#lamotrigine"
C051752,nefazodone,DB01149,4449,Apo-Nefazodone#Apotex brand of nefazodone hydrochloride#Bristol-Myers brand of nefazodone hydrochloride#Bristol-Myers Squibb brand of nefazodone hydrochloride#Dutonin#Europharma brand of nefazodone hydrochloride#Hormosan brand of nefazodone hydrochloride#Lin-Nefazodone#Linson Pharma brand of nefazodone hydrochloride#Menarini brand of nefazodone hydrochloride#Menfazona#Nefadar#nefazodone#nefazodone hydrochloride#Rulivan#Serzone
C052035,trandolapril,DB00519,5484727,1-(2-((1-(ethoxycarbonyl)-3-phenylpropyl)amino)-1-oxopropyl)octahydro-1H-indol-2-carboxylic acid#Abbott brand of trandolapril#Alter brand of trandolapril#Aventis brand of trandolapril#Aventis Pharma brand of trandolapril#Gopten#Hoechst brand of trandolapril#Knoll brand of trandolapril#Mavik#Odrik#RU 44570#RU-44570#RU44570#trandolapril#Udrik
C055162,clopidogrel,DB00758,60606,"BMS brand 1 of clopidogrel bisulfate#BMS brand 2 of clopidogrel bisulfate#clopidogrel#clopidogrel besylate#clopidogrel bisulfate#clopidogrel hydrochloride#clopidogrel napadisilate#clopidogrel Sandoz#clopidogrel, (+)(S)-isomer#clopidogrel-Mepha#Iscover#PCR 4099#PCR-4099#Plavix#SC 25989C#SC 25990C#SR 25989"
C056507,gemcitabine,DB00441,60750,"2',2'-DFDC#2',2'-difluoro-2'-deoxycytidine#2',2'-difluorodeoxycytidine#2'-deoxy-2',2''-difluorocytidine-5'-O-monophosphate#2'-deoxy-2'-difluorocytidine#dFdCyd#gemcitabine#gemcitabine hydrochloride#gemcitabine, (alpha-D-threo-pentofuranosyl)-isomer#gemcitabine, (beta-D-threo-pentafuranosyl)-isomer#gemcitabine, (D-threo-pentafuranosyl)-isomer#Gemzar#LY 188011#LY-188011"
C057693,troglitazone,DB00197,5591,"5-(4-((6-hydroxy-2,5,7,8-tetramethylchroman-2-yl-methoxy)benzyl)-2,4-thiazolidinedione)#CS 045#CS-045#Parke Davis brand of troglitazone#Prelay#Rezulin#troglitazone#Warner-Lambert brand of troglitazone"
C060836,pioglitazone,DB01132,4829,"5-(4-(2-(5-ethyl-2-pyridyl)ethoxy)benzyl)-2,4-thiazolidinedione#Actos#AD 4833#AD-4833#pioglitazone#pioglitazone hydrochloride#U 72107A#U-72107A#U72,107A"
C062735,zafirlukast,DB00549,5717,"4-(5-cyclopentyloxycarbonylamino-2-methylindol-3-yl-methyl)-3-methoxy-N-O-tolylsulfonylbenzamide#Accolate#Aeronix#ICI 204,219#ICI 204219#ICI-204219#Olmoran#zafirlukast"
C063008,,,,
C065180,fluvastatin,DB01095,446155,"7-(3-(4-fluorophenyl)-1-(1-methylethyl)-1H-indol-2-yl)-3,5-dihydroxy-6-heptenoate#fluindostatin#fluvastatin#fluvastatin sodium#fluvastatin sodium salt#Lescol#XU 62-320#XU 62320#XU-62320"
C065757,meloxicam,DB00814,54677470,Masflex#meloxicam#miloxicam#Mobec#Mobic#Mobicox#Movalis#Movicox#Parocin#reumoxicam#Uticox
C067311,docetaxel,DB01248,148124,docetaxel#docetaxel anhydrous#docetaxel hydrate#docetaxel trihydrate#docetaxol#N-debenzoyl-N-tert-butoxycarbonyl-10-deacetyltaxol#NSC 628503#RP 56976#RP-56976#Taxoltere metro#Taxotere
C076029,olanzapine,DB00334,4585,"2-methyl-4-(4-methyl-1-piperazinyl)-10H-thieno(2,3-b)(1,5)benzodiazepine#LY 170053#LY-170052#olanzapine#olanzapine pamoate#Zolafren#Zyprexa"
C081643,candesartan,DB00796,2541,2-ethoxy-7-carboxy-1-(2'-(1H-tetrazol-5-yl)biphenyl-4-yl)methylbenzimidazole#candesartan#CV 11974#CV-11974#CV11974
C084178,telmisartan,DB00966,65999,"4'-((1,4'-dimethyl-2'-propyl(2,6'-bi-1H-benzimidazol)-1'-yl)methyl)-(1,1'-biphenyl)-2-carboxylic acid#BIBR 277#BIBR-277#Micardis#Pritor#telmisartan"
C086232,bosentan,DB00559,104865,"4-t-butyl-N-(6-(2-hydroxyethoxy)-5-(2-methoxyphenoxy)-2,2'-bipyrimidin-4-yl)benzenesulfonamide#bosentan#bosentan anhydrous#bosentan monohydrate#Ro 47-0203#Ro-47-0203#Tracleer"
C086276,cerivastatin,DB00439,446156,"6-Heptenoic acid, 7-(4-(4-fluorophenyl)-5-(methoxymethyl)-2,6-bis(1-methylethyl)-3-pyridinyl)-3,5-dihydroxy-, monosodium salt, (S-(R*,S*-(E)))-#7-(4-(4-fluorophenyl)-2,6-diisopropyl-5-(methoxymethyl)pyrid-3-yl)-3,5-dihydroxy-6-heptenoate sodium salt#Bay w 6228#Baycol#cerivastatin#cerivastatin sodium#Certa#Kazak#Lipobay#rivastatin"
C089730,rosiglitazone,DB00412,77999,"5-((4-(2-methyl-2-(pyridinylamino)ethoxy)phenyl)methyl)-2,4-thiazolidinedione-2-butenedioate#Avandia#BRL 49653#BRL-49653#BRL49653#Glaxo Wellcome brand of rosiglitazone maleate#GlaxoSmithKline brand of rosiglitazone maleate#rosiglitazone#rosiglitazone maleate#SmithKline Beecham brand of rosiglitazone maleate"
C093230,fexofenadine,DB00950,3348,"Allegra#alpha-(4-(1-carboxy-1-methylethyl)phenyl)-4-hydroxydiphenylmethyl-1-piperidinebutanol#Aventis Behring brand of fexofenadine hydrochloride#Aventis brand of fexofenadine hydrochloride#Aventis Pharma brand of fexofenadine hydrochloride#fexofenadine#fexofenadine hydrochloride#Hoechst brand of fexofenadine hydrochloride#MDL 16,455A#MDL 16.455#MDL 16455#MDL-16455#Telfast"
C093875,montelukast,DB00471,5281040,Cahill May Roberts brand of montelukast sodium#Merck brand of montelukast sodium#Merck Frosst brand of montelukast sodium#Merck Sharp & Dohme brand of montelukast sodium#MK 0476#MK-0476#montelukast#montelukast sodium#Singulair#sodium 1-(((1-(3-(2-(7-chloro-2-quinolinyl)ethenyl)phenyl)-3-(2-(1-hydroxy-1-methylethyl)phenyl)propyl)thio)methyl)cyclopropylacetate
C103303,alitretinoin,DB00523,449171,9-cis-retinoic acid#9cRA compound#alitretinoin#BAL4079#Panretin#Toctino
C116926,rofecoxib,DB00533,5090,Cahill May Roberts brand of rofecoxib#Merck brand of rofecoxib#Merck Frosst brand of rofecoxib#Merck Sharp & Dhome brand of rofecoxib#MK 0966#MK 966#MK-0966#MK-966#MSD brand of rofecoxib#refecoxib#rofecoxib#Vioxx#Vioxx Dolor
C121345,desloratadine,DB00967,124087,Aerius#Clarinex#descarboethoxyloratadine#descarboethoxyloratadine acetate#desloratadine#Neoclarityn#SCH 34117#SCH-34117
C419708,gefitinib,DB00317,123631,gefitinib#Iressa#N-(3-chloro-4-fluorophenyl)-7-methoxy-6-(3-(4-morpholinyl)propoxy)-4-quinazolinamide#ZD 1839#ZD1839
C471405,sorafenib,DB00398,216239,4-(4-(3-(4-chloro-3-trifluoromethylphenyl)ureido)phenoxy)pyridine-2-carboxyllic acid methyamide-4-methylbenzenesulfonate#BAY 43-9006#BAY 545-9085#BAY-545-9085#Nexavar#sorafenib#sorafenib N-oxide#sorafenib tosylate
C473478,sunitinib,DB01268,5329102,"5-(5-fluoro-2-oxo-1,2-dihydroindolylidenemethyl)-2,4-dimethyl-1H-pyrrole-3-carboxylic acid (2-diethylaminoethyl)amide#SU 011248#SU 11248#SU-011248#SU-11248#SU011248#SU11248#sunitinib#sunitinib malate#Sutent"
D000068579,Celecoxib,DB00482,2662,4-(5-(4-methylphenyl)-3-(trifluoromethyl)-1H-pyrazol-1-yl)benzenesulfonamide#Celebrex#Celecoxib#SC 58635#SC-58635
D000068677,Sildenafil Citrate,DB00203,5212,"1-((3-(6,7-Dihydro-1-methyl-7-oxo-3-propyl-1H-pyrazolo(4,3-d)pyrimidin-5-yl)-4-ethoxyphenyl)sulfonyl)-4-methylpiperazine citrate#Acetildenafil#Desmethyl Sildenafil#Desmethylsildenafil#Homosildenafil#Hydroxyhomosildenafil#NCX-911#Revatio#Sildenafil#Sildenafil Citrate#Sildenafil Lactate#Sildenafil Nitrate#UK 92480-10#UK-92,480-10#Viagra"
D000068718,Rosuvastatin Calcium,DB01098,446157,Crestor#Rosuvastatin#Rosuvastatin Calcium#ZD 4522#ZD4522
D000068756,Valsartan,DB00177,60846,CGP 48933#Diovan#Kalpress#Miten#N-valeryl-N-((2'-(1H-tetrazol-5-yl)biphenyl-4-yl)methyl)valine#Nisis#Provas#Tareg#Vals#Valsartan
D000068877,Imatinib Mesylate,DB00619,5291,Alpha-(4-methyl-1-piperazinyl)-3'-((4-(3-pyridyl)-2-pyrimidinyl)amino)-p-tolu-p-toluidide#CGP 57148#CGP-57148#CGP57148B#Gleevec#Glivec#Imatinib#Imatinib Mesylate#Imatinib Methanesulfonate#ST 1571#ST1571#STI 571#STI-571#STI571
D000068900,Sitagliptin Phosphate,DB01261,4369359,"4-Oxo-4-(3-(trifluoromethyl)-5,6-dihydro(1,2,4)triazolo(4,3-a)pyrazin-7(8H)-yl)-1-(2,4,5-trifluorophenyl)butan-2-amine#Januvia#MK 0431#MK-0431#MK0431#Sitagliptin#Sitagliptin Monophosphate Monohydrate#Sitagliptin Phosphate#Sitagliptin Phosphate Anhydrous#Sitagliptin Phosphate Monohydrate"
D000069059,Atorvastatin Calcium,DB01076,4636594,"Atorvastatin#Atorvastatin Calcium#Atorvastatin Calcium Anhydrous#Atorvastatin Calcium Hydrate#Atorvastatin Calcium Trihydrate#Atorvastatin, Calcium Salt#CI 981#CI-981#Lipitor#Liptonorm"
D000069347,Erlotinib Hydrochloride,DB00530,176870,"11C-erlotinib#CP 358,774#CP 358774#CP-358,774#CP-358774#Erlotinib#Erlotinib HCl#Erlotinib Hydrochloride#N-(3-ethynylphenyl)-6,7-bis(2-methoxyethoxy)quinazolin-4-amine#OSI-774#Tarceva"
D000069348,Quetiapine Fumarate,DB01224,5002,"2-(2-(4-dibenzo(b,f)(1,4)thiazepine-11-yl-1-piperazinyl)ethoxy)ethanol#Ethanol, 2-(2-(4-dibenzo(b,f)(1,4)thiazepin-11-yl-1-piperazinyl)ethoxy)-, (E)-2-butenedioate (2:1) (salt)#ICI 204,636#ICI 204636#ICI-204636#Quetiapine#Quetiapine Fumarate#Seroquel"
D000069438,Ezetimibe,DB00973,150311,(1-(4-fluorophenyl)-(3R)-(3-(4-fluorophenyl)-(3S)-hydroxypropyl)-(4S)-(4-hydroxyphenyl)-2-azetidinone)#Ezetimib#Ezetimibe#Ezetrol#SCH 58235#SCH-58235#SCH58235#Zetia
D000069439,Dasatinib,DB01254,3062316,(18F)-N-(2-chloro-6-methylphenyl)-2-(6-(4-(2-hydroxyethyl)piperazin-1-yl)-2-methylpyrimidin-4-ylamino)thiazole-5-carboxamide#BMS 354825#BMS-354825#BMS354825#Dasatinib#N-(2-chloro-6-methylphenyl)-2-(6-(4-(2-hydroxyethyl)piperazin-1-yl)-2-methylpyrimidin-4-ylamino)thiazole-5-carboxamide#Sprycel
D000069470,Venlafaxine Hydrochloride,DB00285,5656,"1-(2-(dimethylamino)-1-(4-methoxyphenyl)ethyl)cyclohexanol HCl#Cyclohexanol, 1-(2-(dimethylamino)-1-(4-methoxyphenyl)ethyl)-, hydrochloride#Dobupal#Efexor#Effexor#Sila-Venlafaxine#Trevilor#Vandral#Venlafaxine#Venlafaxine Hydrochloride#Wy 45030#Wy-45,030#Wy-45030"
D000070,Acebutolol,DB01193,1978,Acebutolol#Acebutolol Hydrochloride#Acetobutolol#Apo-Acebutolol#M & B 17803A#M&B-17803 A#Monitan#Neptal#Novo-Acebutolol#Prent#Rhotral#Sectral
D000082,Acetaminophen,DB00316,1983,Acamol#Acephen#Acetaco#Acetamidophenol#Acetaminophen#Acetominophen#Algotropyl#Anacin-3#APAP#Datril#Hydroxyacetanilide#N-(4-Hydroxyphenyl)acetanilide#N-Acetyl-p-aminophenol#p-Acetamidophenol#p-Hydroxyacetanilide#Panadol#Paracetamol#Tylenol
D000086,Acetazolamide,DB00819,1986,"Acetadiazol#Acetazolam#Acetazolamide#Acetazolamide Sodium, (Sterile)#Acetazolamide, Monosodium Salt#Ak-Zol#Apo-Acetazolamide#Défiltran#Diacarb#Diamox#Diuramide#Edemox#Glauconox#Glaupax#Huma-Zolamide"
D000109,Acetylcholine,DB03128,187,"2-(Acetyloxy)-N,N,N-trimethylethanaminium#Acetilcolina Cusi#Acetylcholine#Acetylcholine Bromide#Acetylcholine Chloride#Acetylcholine Fluoride#Acetylcholine Hydroxide#Acetylcholine Iodide#Acetylcholine L-Tartrate#Acetylcholine Perchlorate#Acetylcholine Picrate#Acetylcholine Picrate (1:1)#Acetylcholine Sulfate (1:1)#Bromoacetylcholine#Chloroacetylcholine#Miochol"
D000241,Adenosine,DB00640,60961,Adenocard#Adenoscan#Adenosine
D000493,Allopurinol,DB00437,2094,Allohexal#Allohexan#Alloprin#Allopurin#Allopurinol#Allorin#Allpargin#Allural#Apulonga#Apurin#Atisuril#Bleminol#Caplenal#Capurate#Cellidrin#Embarin#Foligan#Hamarin#Jenapurinol#Lopurin#Lysuron#Milurit#Milurite#Novopurol#Pan Quimica#Progout#Pureduct#Purinol#Remid#Rimapurinol#Roucol#Suspendol#Tipuric#Uribenz#Uridocid#Uripurinol#Urosin#Urtias#Xanthomax#Xanturic#Zygout#Zyloprim#Zyloric
D000547,Amantadine,DB00915,2130,1-Aminoadamantane#Adamantylamine#Adekin#Aman#Amanta#Amanta-HCI-AZU#Amanta-Sulfate-AZU#Amantadin AL#Amantadin AZU#Amantadin Stada#Amantadin-neuraxpharm#Amantadin-ratiopharm#Amantadina Juventus#Amantadina Llorente#Amantadine#Amantadine Hydrochloride#Amantadine Sulfate#Amixx#Cerebramed#Endantadine#Gen-Amantadine#Infecto-Flu#Infex#Mantadix#Midantan#PMS-Amantadine#Symadine#Symmetrel#tregor#Viregyt#Wiregyt
D000584,Amiloride,DB00594,16231,"Alphapharm Brand of Amiloride Hydrochloride#Amidal#Amiduret Trom#Amiloberag#Amiloride#Amiloride Hydrochloride#Amiloride Hydrochloride, Anhydrous#Amrad Brand of Amiloride Hydrochloride#Berolina Brand of Amiloride Hydrochloride#Cahill May Roberts Brand of Amiloride Hydrochloride#Douglas Brand of Amiloride Hydrochloride#Kaluril#Merck Brand of Amiloride Hydrochloride#Merck Sharp & Dohme Brand of Amiloride Hydrochloride#Midamor#Midoride#Modamide#Trommsdorff Brand of Amiloride Hydrochloride"
D000638,Amiodarone,DB01118,2157,Alphapharm Brand of Amiodarone Hydrochloride#Amiobeta#Amiodarex#Amiodarona#Amiodarone#Amiodarone Hydrochloride#Amiohexal#Aratac#Armstrong Brand of Amiodarone Hydrochloride#ASTA Medica Brand of Amiodarone Hydrochloride#Berenguer Infale Brand of Amiodarone Hydrochloride#Betapharm Brand of Amiodarone Hydrochloride#Braxan#Corbionax#Cordarex#Cordarone#G Gam Brand of Amiodarone Hydrochloride#Hexal Brand of Amiodarone Hydrochloride#Kordaron#L-3428#Leurquin Brand of Amiodarone Hydrochloride#Ortacrone#Pharma Investi Brand of Amiodarone Hydrochloride#Rytmarone#Sanofi Winthrop Brand of Amiodarone Hydrochloride#SKF 33134-A#Tachydaron#Trangorex#Wyeth Brand of Amiodarone Hydrochloride
D000639,Amitriptyline,DB00321,2160,Alphapharm Brand of Amitriptyline Hydrochloride#Amineurin#Amitrip#Amitriptylin beta#Amitriptylin Desitin#Amitriptylin RPh#Amitriptylin-neuraxpharm#Amitriptyline#Amitriptyline Hydrochloride#Amitrol#Amrad Brand of Amitriptyline Hydrochloride#Anapsique#Apo-Amitriptyline#Apotex Brand of Amitriptyline Hydrochloride#APS Brand of Amitriptyline Hydrochloride#Bayer Brand of Amitriptyline Hydrochloride#Betapharm Brand of Amitriptyline Hydrochloride#Cahill May Roberts Brand of Amitriptyline Embonate#Cahill May Roberts Brand of Amitriptyline Hydrochloride#Damilen#DDSA Brand of Amitriptyline Hydrochloride#Desitin Brand of Amitriptyline Hydrochloride#Domical#Douglas Brand of Amitriptyline Hydrochloride#Elavil#Endep#Goldshield Brand of Amitriptyline Hydrochloride#Hexal Brand of Amitriptyline Hydrochloride#Krewel Brand of Amitriptyline Hydrochloride#Laroxyl#Lentizol#Lundbeck Brand of Amitriptyline Hydrochloride#Merck Brand of Amitriptyline Hydrochloride#Merck Sharp & Dohme Brand of Amitriptyline Embonate#Merck Sharp & Dohme Brand of Amitriptyline Hydrochloride#neuraxpharm Brand of Amitriptyline Hydrochloride#Neuro Hexal Brand of Amitriptyline Hydrochloride#Novoprotect#Parke Davis Brand of Amitriptyline Hydrochloride#Protea Brand of Amitriptyline Hydrochloride#Psicofarma Brand of Amitriptyline Hydrochloride#Rhône-Poulenc Rorer Brand of Amitriptyline Hydrochloride#Roche Brand of Amitriptyline Hydrochloride#Rodleben Brand of Amitriptyline Hydrochloride#Saroten#Sarotex#Syneudon#Triptafen#Tryptanol#Tryptine#Tryptizol#Zeneca Brand of Amitriptyline Hydrochloride
D000661,Amphetamine,DB00182,3007,Amfetamine#Amphetamine#Amphetamine Sulfate#Amphetamine Sulfate (2:1)#Centramina#Desoxynorephedrin#Fenamine#l-Amphetamine#levo-Amphetamine#Levoamphetamine#Mydrial#Phenamine#Phenopromin#Thyramine
D000677,Amsacrine,DB00276,2179,AMSA#AMSA P-D#Amsacrina#Amsacrine#Amsidine#Amsidyl#Cain's Acridine#m-AMSA#meta-AMSA#NSC-141549#NSC-156303#NSC-249992#SN-11841#SN11841
D000983,Antipyrine,DB01435,2206,Anodynin#Antipyrine#Phenazone#Pyramidone
D001241,Aspirin,DB00945,2244,2-(Acetyloxy)benzoic Acid#Acetylsalicylic Acid#Acetysal#Acylpyrin#Aloxiprimum#Aspirin#Colfarit#Dispril#Easprin#Ecotrin#Endosprin#Magnecyl#Micristin#Polopirin#Polopiryna#Solprin#Solupsan#Zorprin
D001623,Betamethasone,DB00443,9782,Betadexamethasone#Betamethasone#Celeston#Celestona#Celestone#Cellestoderm#Flubenisolone
D001629,Bezafibrate,DB01393,39042,Azufibrat#Befibrat#Béfizal#Beza-Lande#Beza-Puren#Bezabeta#Bezacur#Bezafibrat PB#Bezafibrate#Bezafisal#Bezalip#Bezamerck#BM-15.075#Cedur#Difaterol#durabezur#Eulitop#Lipox#Reducterol#Regadrin B#Sklerofibrat#Solibay
D001712,Biperiden,DB00810,2381,"Akineton#alpha-Bicyclo(2.2.1)hept-5-en-2-yl-alpha-phenyl-1-piperidinepropanol#Biperiden#Biperiden Hydrochloride#Biperiden, 1R-(1 alpha,2 alpha(R*),4 alpha)-Isomer#Biperiden, 1S-(1 alpha,2 alpha(R*),4 alpha)-Isomer#Biperidene"
D001971,Bromocriptine,DB01200,31101,2-Bromo-alpha-ergocryptine#2-Bromo-alpha-ergokryptine#2-Bromoergocryptine#2-Bromoergocryptine Mesylate#2-Bromoergocryptine Methanesulfonate#2-Bromoergokryptine#Bromocriptin#Bromocriptine#Bromocriptine Mesylate#Bromocryptin#CB-154#Parlodel
D002034,Bumetanide,DB00887,2471,Bumedyl#Bumetanide#Bumethanide#Bumex#Burinex#Drenural#Fordiuran#Miccil#PF-1593
D002047,Buprenorphine,DB00921,644073,6029-M#Buprenex#Buprenorphine#Buprenorphine Hydrochloride#Buprex#Essex Brand of Buprenorphine Hydrochloride#Grünenthal Brand of Buprenorphine#Grünenthal Brand of Buprenorphine Hydrochloride#Key Brand of Buprenorphine Hydrochloride#Prefin#Reckitt & Colman Brand 1 of Buprenorphine Hydrochloride#Reckitt & Colman Brand 2 of Buprenorphine Hydrochloride#Reckitt Benckiser Brand of Buprenorphine Hydrochloride#Reckitt Brand of Buprenorphine Hydrochloride#RX-6029-M#Schering-Plough Brand of Buprenorphine Hydrochloride#Subutex#Temgesic
D002065,Buspirone,DB00490,2477,Anxut#Apo-Buspirone#Apotex Brand of Buspirone Hydrochloride#Armstrong Brand of Buspirone Hydrochloride#Bespar#Bristol-Myers Brand of Buspirone Hydrochloride#Bristol-Myers Squibb Brand of Buspirone Hydrochloride#Busp#Buspar#Buspirone#Buspirone Hydrochloride#Eisai Brand of Buspirone Hydrochloride#Gen-Buspirone#Genpharm Brand of Buspirone#Hexal Brand of Buspirone Hydrochloride#Hormosan Brand of Buspirone Hydrochloride#Lin-Buspirone#Linson Pharma Brand of Buspirone Hydrochloride#MJ-9022-1#N-(4-(4-(2-pyrimidinyl)-1-piperazinyl)butyl)-1-cyclopentanediacetamide#Neurosine#Novo-Buspirone#Novopharm Brand of Buspirone Hydrochloride#Nu-Buspirone#Nu-Pharm Brand of Buspirone Hydrochloride#Pharmascience Brand of Buspirone Hydrochloride#PMS-Buspirone#ratio-Buspirone#Ratiopharm Brand of Buspirone Hydrochloride#UPSA Brand of Buspirone Hydrochloride
D002110,Caffeine,DB00201,2519,"1,3,7-Trimethylxanthine#Berlin-Chemie Brand of Caffeine#Bristol-Myers Squibb Brand of Caffeine#Caffedrine#Caffeine#Coffeinum N#Coffeinum Purrum#Dexitac#Durvitan#GlaxoSmithKline Brand of Caffeine#Merck dura Brand of Caffeine#No Doz#Passauer Brand of Caffeine#Percoffedrinol N#Percutaféine#Pierre Fabre Brand of Caffeine#Quick-Pep#Republic Drug Brand of Caffeine#Seid Brand of Caffeine#Thompson Brand 1 of Caffeine#Thompson Brand 2 of Caffeine#Vivarin"
D002220,Carbamazepine,DB00564,2554,Amizepine#Carbamazepine#Carbamazepine Acetate#Carbamazepine Anhydrous#Carbamazepine Dihydrate#Carbamazepine Hydrochloride#Carbamazepine L-Tartrate (4:1)#Carbamazepine Phosphate#Carbamazepine Sulfate (2:1)#Carbazepin#Epitol#Finlepsin#Neurotol#Tegretol
D002437,Cefazolin,DB01327,33255,Ancef#Cefamedin#Cefamezine#Cefazolin#Cefazolin Sodium#Cephamezine#Cephazolin#Cephazolin Sodium#Gramaxin#Kefzol#Sodium Cephazolin#Totacef
D002443,Ceftriaxone,DB01212,5479530,"Benaxona#Boehringer Mannheim Brand of Ceftriaxone Sodium#Cefatriaxone#Cefaxona#Ceftrex#Ceftriaxon#Ceftriaxon Curamed#Ceftriaxon Hexal#Ceftriaxona Andreu#Ceftriaxona LDP Torlan#Ceftriaxone#Ceftriaxone Irex#Ceftriaxone Sodium#Ceftriaxone Sodium, Anhydrous#Ceftriaxone, Disodium Salt#Ceftriaxone, Disodium Salt, Hemiheptahydrate#Columbia Brand of Ceftriaxone#Curamed Brand of Ceftriaxone Sodium#Fustery Brand of Ceftriaxone Sodium#Galen Brand of Ceftriaxone Sodium#Hexal Brand of Ceftriaxone Sodium#Hoffman-La Roche Brand of Ceftriaxone Sodium#Inibsa Brand of Ceftriaxone Sodium#Irex Brand of Ceftriaxone#Lendacin#Longacef#Longaceph#Pisa Brand of Ceftriaxone Sodium#Ro 13-9904#Ro-13-9904#Ro13-9904#Rocefalin#Rocefin#Rocephin#Rocephine#Roche Brand of Ceftriaxone Sodium#Syntex Brand of Ceftriaxone Sodium#Tacex#Terbac"
D002701,Chloramphenicol,DB00446,5959,Chloramphenicol#Chlornitromycin#Chlorocid#Chloromycetin#Cloranfenicol#Detreomycin#Kloramfenikol#Levomycetin#Ophthochlor#Syntomycin
D002738,Chloroquine,DB00608,2719,Aralen#Arechine#Arequin#Chingamin#Chlorochin#Chloroquine#Chloroquine Sulfate#Chloroquine Sulphate#Khingamin#Nivaquine
D002744,Chlorpheniramine,DB01114,2725,Aller-Chlor#Antihistaminico Llorens#Bayer Brand of Chlorpheniramine Maleate#Chlo-Amine#Chlor-100#Chlor-Trimeton#Chlor-Tripolon#Chlorphenamine#Chlorpheniramine#Chlorpheniramine Maleate#Chlorpheniramine Tannate#Chlorpro#Chlorprophenpyridamine#Chlorspan 12#Chlortab-4#Cloro-Trimeton#Efidac 24#Halsey Drug Brand of Chlorpheniramine Maleate#Hogil Brand 1 of Chlorpheniramine Maleate#Hogil Brand 2 of Chlorpheniramine Maleate#Intra Brand of Chlorpheniramine Maleate#Kloromin#Llorens Brand of Chlorpheniramine Maleate#Piriton#Rugby Brand of Chlorpheniramine Maleate#Schein Brand of Chlorpheniramine Maleate#Schering Brand of Chlorpheniramine Maleate#Schering-Plough Brand of Chlorpheniramine Maleate#Stafford-Miller Brand of Chlorpheniramine Maleate#Teldrin#Vortech Brand 1 of Chlorpheniramine Maleate#Vortech Brand 2 of Chlorpheniramine Maleate#Vortech Brand 3 of Chlorpheniramine Maleate
D002746,Chlorpromazine,DB00477,2726,Aminazine#Chlorazine#Chlordelazine#Chlorpromazine#Chlorpromazine Hydrochloride#Contomin#Fenactil#Largactil#Propaphenin#Thorazine
D002747,Chlorpropamide,DB00672,2727,Apo-Chlorpropamide#Chlorpropamide#Clorpropamid#Diabinese#Glucamide#Insogen#Meldian
D002794,Choline,DB00122,305,"2-Hydroxy-N,N,N-trimethylethanaminium#Bursine#Choline#Choline Bitartrate#Choline Chloride#Choline Citrate#Choline Hydroxide#Choline O-Sulfate#Fagine#Vidine"
D002927,Cimetidine,DB00501,2756,Altramet#Biomet#Biomet400#Cimetidine#Cimetidine HCl#Cimetidine Hydrochloride#Eureceptor#Histodil#N-Cyano-N'-methyl-N''-(2-(((5-methyl-1H-imidazol-4-yl)methyl)thio)ethyl)guanidine#SK&F-92334#SKF-92334#Tagamet
D002939,Ciprofloxacin,DB00537,2764,Bay-09867#Ciprinol#Cipro#Ciprofloxacin#Ciprofloxacin Hydrochloride#Ciprofloxacin Hydrochloride Anhydrous#Ciprofloxacin Monohydrochloride Monohydrate
D002991,Clofazimine,DB00845,2794,"B-663#Clofazimine#G-30,320#Lamprene#N,5-Bis(4-chlorophenyl)-3,5-dihydro-3-((1-methylethyl)imino)-2-phenazinamine"
D002996,Clomiphene,DB00882,1548953,Chloramiphene#Clomid#Clomide#Clomifen#Clomifene#Clomiphene#Clomiphene Citrate#Clomiphene Hydrochloride#Clostilbegit#Dyneric#Gravosan#Klostilbegit#Serophene
D002997,Clomipramine,DB01242,2801,Anafranil#Chlomipramine#Chlorimipramine#Clomipramine#Clomipramine Hydrochloride#Clomipramine Maleate (1:1)#Clomipramine Monohydrochloride#Hydiphen
D003000,Clonidine,DB00575,2803,Boehringer Ingelheim Brand of Clonidine Hydrochloride#Catapres#Catapresan#Catapressan#Chlophazolin#Clofelin#Clofenil#Clonidine#Clonidine Dihydrochloride#Clonidine Hydrochloride#Clonidine Monohydrobromide#Clonidine Monohydrochloride#Clopheline#Dixarit#Gemiton#Hemiton#Isoglaucon#Klofelin#Klofenil#M-5041T#ST-155
D003022,Clotrimazole,DB00257,2812,Bay b 5097#Bayer Brand 1 of Clotrimazole#Bayer Brand 2 of Clotrimazole#Canesten#Clotrimazole#FB b 5097#Kanesten#Klotrimazole#Lotrimin#Mycelex#Schering Brand of Clotrimazole
D003024,Clozapine,DB00363,2818,Clozapine#Clozaril#Leponex
D003042,Cocaine,DB00907,446220,Cocaine#Cocaine HCl#Cocaine Hydrochloride
D003078,Colchicine,DB01394,2833,"Colchicine#Colchicine, (+-)-Isomer#Colchicine, (R)-Isomer"
D003561,Cytarabine,DB00987,6253,Ara-C#Arabinofuranosylcytosine#Arabinosylcytosine#Aracytidine#Aracytine#beta-Ara C#Cytarabine#Cytarabine Hydrochloride#Cytonal#Cytosar#Cytosar-U#Cytosine Arabinoside
D003630,Daunorubicin,DB00694,30323,Cerubidine#Dauno-Rubidomycine#Daunoblastin#Daunoblastine#Daunomycin#Daunorubicin#Daunorubicin Hydrochloride#NSC-82151#Rubidomycin#Rubomycin
D003891,Desipramine,DB01151,2995,Apo-Desipramine#Apotex Brand of Desipramine Hydrochloride#Aventis Behring Brand of Desipramine Hydrochloride#Aventis Brand of Desipramine Hydrochloride#Demethylimipramine#Desipramine#Desipramine Hydrochloride#Desmethylimipramine#Norpramin#Novartis Brand of Desipramine Hydrochloride#Novo-Desipramine#Novopharm Brand of Desipramine Hydrochloride#Nu-Desipramine#Nu-Pharm Brand of Desipramine Hydrochloride#Pertofran#Pertofrane#Pertrofran#Petylyl#Pharmascience Brand of Desipramine Hydrochloride#PMS-Desipramine#ratio-Desipramine#Ratiopharm Brand of Desipramine Hydrochloride#Rhône-Poulenc Rorer Brand of Desipramine Hydrochloride#Temmler Brand of Desipramine Hydrochloride
D003907,Dexamethasone,DB01234,5743,Alcon Brand of Dexamethasone#Decaject#Decaject-L.A.#Decameth#Decaspray#Dexamethasone#Dexasone#Dexpak#ECR Brand of Dexamethasone#Foy Brand of Dexamethasone#Hexadecadrol#Hexadrol#ICN Brand of Dexamethasone#Maxidex#Merck Brand of Dexamethasone#Merz Brand 1 of Dexamethasone#Merz Brand 2 of Dexamethasone#Methylfluorprednisolone#Millicorten#Oradexon
D003915,Dextromethorphan,DB00514,5360696,"d-Methorphan#Delsym#Dextromethorphan#Dextromethorphan Hydrobromide#Dextromethorphan Hydrobromide, (+-)-Isomer#Dextromethorphan Hydrobromide, Monohydrate#Dextromethorphan Hydrochloride#Dextromethorphan, (+-)-Isomer#l-Methorphan#Levomethorphan#Racemethorphan"
D003975,Diazepam,DB00829,3016,"7-Chloro-1,3-dihydro-1-methyl-5-phenyl-2H-1,4-benzodiazepin-2-one#Apaurin#Diazemuls#Diazepam#Faustan#Relanium#Seduxen#Sibazon#Stesolid#Valium"
D004008,Diclofenac,DB00586,3033,"Dichlofenal#Diclofenac#Diclofenac Potassium#Diclofenac Sodium#Diclonate P#Diclophenac#Dicrofenac#Feloran#GP-45,840#Novapirina#Orthofen#Orthophen#Ortofen#Sodium Diclofenac#SR-38#Voltaren#Voltarol"
D004054,Diethylstilbestrol,DB00255,3054,"Agostilben#Apstil#Diethylstilbestrol#Diethylstilbestrol, (Z)-Isomer#Diethylstilbestrol, Disodium Salt#Distilbène#Stilbene Estrogen#Stilbestrol#Tampovagan"
D004061,Diflunisal,DB00861,3059,Apo-Diflunisal#Diflunisal#Dolobid#Dolobis#Dolocid#MK-647#Novo-Diflunisal#Nu-Diflunisal
D004074,Digitoxin,DB01396,441207,AWD.pharma Brand of Digitoxin#Chauvin Brand of Digitoxin#Coramedan#corax Brand of Digitoxin#Digimed#Digimerck#Digitaline Nativelle#Digitoxin#Digitoxin AWD#Digitoxin Bürger#Digitoxin Didier#Digitoxin-Philo#Digophton#Hormosan Brand of Digitoxin#Medice Brand of Digitoxin#Merck Brand of Digitoxin#Philopharm Brand of Digitoxin#Proctor & Gamble Brand of Digitoxin#Ysatfabrik Brand of Digitoxin
D004077,Digoxin,DB00390,2724385,AWD.pharma Brand of Digoxin#Bertek Brand of Digoxin#Digacin#Digitek#Digoregen#Digoxin#Digoxina Boehringer#Digoxine Nativelle#Dilanacin#Glaxo Wellcome Brand of Digoxin#GlaxoSmithKline Brand 1 of Digoxin#GlaxoSmithKline Brand 2 of Digoxin#Hemigoxine Nativelle#Kern Brand of Digoxin#Lanacordin#Lanicor#Lanoxicaps#Lanoxin#Lanoxin-PG#Lenoxin#Lilly Brand of Digoxin#Mapluxin#Novartis Brand of Digoxin#Proctor & Gamble Brand of Digoxin#R.A.N. Brand of Digoxin#Roche Brand of Digoxin#Teofarma Brand of Digoxin#UDL Brand of Digoxin#Virco Brand of Digoxin
D004087,Dihydroergotamine,DB00320,10531,Agit#Aliud Brand of Dihydroergotamine Mesylate#Alpharma Brand of Dihydroergotamine Mesylate#Angionorm#Anto Brand of Dihydroergotamine Mesylate#Clavigrenin#ct-Arzneimittel Brand of Dihydroergotamine Mesylate#D-Tamin retard L.U.T.#D.H.E. 45#Desitin Brand of Dihydroergotamine Mesylate#DET MS#DHE-45#DHE-Puren#DHE-ratiopharm#Dihydergot#Dihydroergotamin AL#Dihydroergotamine#Dihydroergotamine Mesylate#Dihydroergotamine Methanesulfonate#Dihydroergotamine-Sandoz#Dihytamin#Erganton#Ergomimet#Ergont#ergotam von ct#Farmasan Brand of Dihydroergotamine Mesylate#Fujisawa Brand of Dihydroergotamine Mesylate#Hormosan Brand of Dihydroergotamine Mesylate#Ikaran#IPRAD Brand of Dihydroergotamine Mesylate#Migranal#Novartis Brand of Dihydroergotamine Mesylate#Orstanorm#Pharmafrid Brand of Dihydroergotamine Mesylate#Pierre Fabre Brand of Dihydroergotamine Mesylate#Q-Pharm Brand of Dihydroergotamine Mesylate#ratiopharm Brand of Dihydroergotamine Mesylate#Sanol Brand of Dihydroergotamine Mesylate#Schwarz Brand of Dihydroergotamine Mesylate#Seglor#Shire Brand of Dihydroergotamine Mesylate#Tamik#Verla Brand of Dihydroergotamine Mesylate#Verladyn#Wernigeroide Brand of Dihydroergotamine Mesylate#Xcel Brand 1 of Dihydroergotamine Mesylate#Xcel Brand 2 of Dihydroergotamine Mesylate
D004110,Diltiazem,DB00343,39186,Aldizem#Biovail Brand of Diltiazem Hydrochloride#Cardil#Cardizem#CRD-401#Dilacor#Dilacor XR#Dilren#Diltiazem#Diltiazem Hydrochloride#Diltiazem Malate#Dilzem#Tiazac#Watson Pharmaceuticals Brand of Diltazem
D004155,Diphenhydramine,DB01075,3100,"2-Diphenylmethoxy-N,N-dimethylethylamine#Allerdryl#Benadryl#Benhydramin#Benylin#Benzhydramine#Dimedrol#Diphenhydramine#Diphenhydramine Citrate#Diphenhydramine Citrate (1:1)#Diphenhydramine Hydrochloride#Diphenylhydramin#Diphenylhydramine#Dormin"
D004206,Disopyramide,DB00280,3114,"Diisopyramide#Disopyramide#Disopyramide Monohydrochloride#Disopyramide Phosphate#Disopyramide Phosphate (1:1)#Disopyramide Phosphate (1:1), (+-)-Isomer#Disopyramide Phosphate (1:1), (R)-Isomer#Disopyramide Phosphate (1:1), (S)-Isomer#Disopyramide, (+-)-Isomer#Disopyramide, (R)-Isomer#Disopyramide, (S)-Isomer#Disopyramide, D-Tartrate (1:1), (S)-Isomer#Disopyramide, L-Tartrate (1:1), (R)-Isomer#Disopyramide, L-Tartrate (1:1), (S)-Isomer#Disopyramide, L-Tartrate (1:2), (+-)-Isomer#Disopyramide, L-Tartrate, (S)-isomer#Norpace#Palpitin#Palpitine#Rhythmodan#Ritmilen#Rythmilen#SC-13957#Searle Brand of Disopyramide Phosphate"
D004294,Domperidone,DB01184,3151,"Aliud Brand of Domperidone Maleate#Apo-Domperidone#Apotex Brand of Domperidone Maleate#Domidon#Domperidon#Domperidon AL#Domperidon Hexal#Domperidon Stada#Domperidon-TEVA#Domperidona Gamir#Domperidone#Domperidone Maleate#Domperidone Maleate (1:1)#Domperidone Monohydrochloride#Gastrocure#Gry Brand of Domperidone Maleate#Hexal Brand of Domperidone Maleate#Janssen Brand of Domperidone#Motilium#Nauzelin#Novo-Domperidone#Novopharm Brand of Domperidone Maleate#Nu-Domperidone#Nu-Pharm Brand of Domperidone Maleate#Péridys#Pharmascience Brand of Domperidone Maleate#Pierre Fabre Brand of Domperidone#PMS-Domperidone#R-33,812#R-33812#ratio-Domperidone#Ratiopharm Brand of Domperidone Maleate#Rottapharm Brand of Domperidone#Stadapharm Brand of Domperidone Maleate#Taxandria Brand of Domperidone Maleate#Teva Brand of Domperidone Maleate"
D004298,Dopamine,DB00988,681,"3,4-Dihydroxyphenethylamine#4-(2-Aminoethyl)-1,2-benzenediol#Dopamine#Dopamine Hydrochloride#Hydroxytyramine#Intropin"
D004316,Doxepin,DB01142,667468,"Apo-Doxepin#Aponal#Deptran#Desidox#Doneurin#Doxepia#Doxepin#Doxepin beta#Doxepin Hydrochloride#Doxepin Hydrochloride, Cis-Trans Isomer Mixture (approximately 1:5)#Doxepin-RPh#Espadox#Mareen#Novo-Doxepin#Prudoxin#Quitaxon#Sinequan#Sinquan#Xepin#Zonalon"
D004317,Doxorubicin,DB00997,31703,Adriablastin#Adriablastine#Adriamycin#Adriblastin#Adriblastina#Adriblastine#Adrimedac#DOXO-cell#Doxolem#Doxorubicin#Doxorubicin Hexal#Doxorubicin Hydrochloride#Doxorubicin NC#Doxorubicina Ferrer Farm#Doxorubicina Funk#Doxorubicina Tedec#Doxorubicine Baxter#Doxotec#Farmiblastina#Myocet#Onkodox#Ribodoxo#Rubex#Urokit Doxo-cell
D004318,Doxycycline,DB00254,54671203,"Alpha-6-Deoxyoxytetracycline#Atridox#BMY-28689#BU-3839T#Doryx#Doxycycline#Doxycycline Calcium#Doxycycline Calcium Salt (1:2)#Doxycycline Hemiethanolate#Doxycycline Hyclate#Doxycycline Monohydrate#Doxycycline Monohydrochloride, 6-epimer#Doxycycline Monohydrochloride, Dihydrate#Doxycycline Phosphate (1:1)#Doxycycline-Chinoin#Hydramycin#Oracea#Periostat#Vibra-Tabs#Vibramycin#Vibramycin Novum#Vibravenos"
D004656,Enalapril,DB00584,5388962,Enalapril#Enalapril Maleate#MK-421#MK421#Renitec#Renitek
D004837,Epinephrine,DB00668,5816,"4-(1-Hydroxy-2-(methylamino)ethyl)-1,2-benzenediol#Adrenaline#Adrenaline Acid Tartrate#Adrenaline Bitartrate#Adrenaline Hydrochloride#Epifrin#Epinephrine#Epinephrine Acetate#Epinephrine Bitartrate#Epinephrine Hydrochloride#Epinephrine Hydrogen Tartrate#Epitrate#Lyophrin#Medihaler-Epi"
D004878,Ergotamine,DB00696,8223,Cornutamine#ergo sanol#Ergo-Kranit#Ergodryl Mono#Ergomar#Ergostat#Ergotamine#Ergotamine Tartrate#Ergotamine Tartrate (2:1)#Ergotaminine#Gynergen#Krewel Brand of Ergotamine Tartrate#Lingraine#Lotus Brand of Ergotamine Tartrate#Pfizer Brand of Ergotamine Tartrate#Sanofi Winthrop Brand of Ergotamine Tartrate
D004917,Erythromycin,DB00199,12560,Erycette#Erymax#Erythromycin#Erythromycin A#Erythromycin C#Erythromycin Lactate#Erythromycin Phosphate#Ilotycin#T-Stat
D004958,Estradiol,DB00783,5757,"17 beta-Estradiol#17 beta-Oestradiol#Aerodiol#Estrace#Estraderm TTS#Estradiol#Estradiol Anhydrous#Estradiol Hemihydrate#Estradiol Hemihydrate, (17 alpha)-Isomer#Estradiol Monohydrate#Estradiol, (+-)-Isomer#Estradiol, (-)-Isomer#Estradiol, (16 alpha,17 alpha)-Isomer#Estradiol, (16 alpha,17 beta)-Isomer#Estradiol, (17-alpha)-Isomer#Estradiol, (8 alpha,17 beta)-(+-)-Isomer#Estradiol, (8 alpha,17 beta)-Isomer#Estradiol, (9 beta,17 alpha)-Isomer#Estradiol, (9 beta,17 beta)-Isomer#Estradiol, Monosodium Salt#Estradiol, Sodium Salt#Estradiol-17 alpha#Estradiol-17 beta#Estradiol-17beta#Novartis Pharmaceuticals Brand of Estradiol#Oestradiol#Orion Brand of Estradiol#Ovocyclin#Vivelle"
D004961,Estramustine,DB01196,259331,Emcyt#Estracyt#Estramustin Phosphate#Estramustine#Estramustine Phosphate Sodium#Estramustinphosphate#Leo-275#NSC-89199
D004966,"Estrogens, Conjugated (USP)",DB00286,23667301,"Carentil#Climarest#Climopax#Congest#Conjugated Equine Estrogens#Conjugated Estrogens#Dagynil#Estro-Feminal#Estrogenic Hormones, Conjugated#Estrogenic Substances, Conjugated#Estrogens, Conjugated#Estrogens, Conjugated (USP)#Femavit#Oestro-Feminal#Oestrofeminal#Prelestrin#Premarin#Presomen#Progens#Transannon"
D004970,Estrone,DB00655,5870,"Estrone#Estrone, (+-)-Isomer#Estrone, (8 alpha)-Isomer#Estrone, (9 beta)-Isomer#Estrovarin#Folliculin#Hauck Brand of Estrone#Hyrex Brand of Estrone#Kestrone#Unigen#Vortech Brand of Estrone#Wehgen"
D004976,Ethacrynic Acid,DB00903,3278,"Edecrin#Etacrynic Acid#Ethacrinic Acid#Ethacrynate Sodium#Ethacrynic Acid#Ethacrynic Acid, Sodium Salt#Hydromedin"
D004997,Ethinyl Estradiol,DB00977,5991,"Effik Brand of Ethinyl Estradiol#Estinyl#Ethinyl Estradiol#Ethinyl Estradiol Hemihydrate#Ethinyl Estradiol, (8 alpha)-Isomer#Ethinyl Estradiol, (8 alpha,17 alpha)-Isomer#Ethinyl Estradiol, (8 alpha,9 beta,13 alpha,14 beta)-Isomer#Ethinyl Estradiol, (9 beta,17 alpha)-Isomer#Ethinyl-Oestradiol Effik#Ethinylestradiol Jenapharm#Ethinyloestradiol#Ethynyl Estradiol#Jenapharm Brand of Ethinyl Estradiol#Lynoral#Microfollin#Microfollin Forte#Organon Brand of Ethinyl Estradiol#Progynon C#Schering Brand of Ethinyl Estradiol#Schering-Plough Brand of Ethinyl Estradiol"
D005047,Etoposide,DB00773,36462,"Celltop#Demethyl Epipodophyllotoxin Ethylidine Glucoside#Eposide#Eposin#Eto-GRY#Etomedac#Etopos#Etoposide#Etoposide Pierre Fabre#Etoposide Teva#Etoposide, (5a alpha)-Isomer#Etoposide, (5a alpha,9 alpha)-Isomer#Etoposide, (5S)-Isomer#Etoposide, alpha-D-Glucopyranosyl Isomer#Etoposido Ferrer Farma#Exitop#Lastet#NSC-141540#Onkoposid#Riboposid#Toposar#Vepesid#Vépéside-Sandoz#VP 16-213#VP-16"
D005283,Fentanyl,DB00813,3345,Cephalon Brand of Fentanyl Buccal OraVescent#Duragesic#Durogesic#Fentanest#Fentanyl#Fentanyl Citrate#Fentora#Janssen Pharmaceutica Brand of Fentanyl#Phentanyl#R-4263#Sublimaze#Transmucosal Oral Fentanyl Citrate
D005472,Fluorouracil,DB00544,3385,5-Fluorouracil#5-Fluorouracil-biosyn#5-FU#5-FU Lederle#5-FU medac#5-HU Hexal#5FU#Adrucil#Allergan Brand of Fluorouracil#biosyn Brand of Fluorouracil#Carac#CSP Brand of Fluorouracil#Dakota Brand of Fluorouracil#Dermatech Brand of Fluorouracil#Dermik Brand of Fluorouracil#Efudex#Efudix#Ferrer Brand of Fluorouracil#Fluoro-Uracile ICN#Fluoroplex#Fluorouracil#Fluorouracil Mononitrate#Fluorouracil Monopotassium Salt#Fluorouracil Monosodium Salt#Fluorouracil Potassium Salt#Fluorouracil-GRY#Fluorouracile Dakota#Fluorouracilo Ferrer Far#Fluoruracil#Fluracedyl#Flurodex#Gry Brand of Fluorouracil#Haemato Brand of Fluorouracil#Haemato-fu#Hexal Brand of Fluorouracil#ICN Brand of Fluorouracil#medac Brand of Fluorouracil#Neocorp Brand of Fluorouracil#Neofluor#Onkofluor#Onkoworks Brand of Fluorouracil#Pharmachemie Brand of Fluorouracil Monosodium Salt#Ribofluor#ribosepharm Brand of Fluorouracil#Riemser Brand of Fluorouracil#Roche Brand of Fluorouracil#Teva Brand of Fluorouracil
D005473,Fluoxetine,DB00472,3386,Fluoxetin#Fluoxetine#Fluoxetine Hydrochloride#Lilly-110140#N-Methyl-gamma-(4-(trifluoromethyl)phenoxy)benzenepropanamine#Prozac#Sarafem
D005475,Flupenthixol,DB00875,25137855,alpha-Flupenthixol#cis-Flupenthixol#Emergil#Fluanxol#Flupenthixol#Flupentixol
D005476,Fluphenazine,DB00623,3372,Flufenazin#Fluphenazine#Fluphenazine Hydrochloride#Lyogen#Prolixin
D005479,Flurazepam,DB00690,3393,Allphar Brand of Flurazepam Monohydrochloride#Apo-Flurazepam#Apotex Brand of Flurazepam Monohydrochloride#Dalmadorm#Dalmane#Dolorgiet Brand of Flurazepam#Dormodor#Flurazepam#Flurazepam Dihydrochloride#Flurazepam Hydrochloride#Flurazepam Mono-Perchlorate#Flurazepam Monohydrochloride#ICN Brand of Flurazepam Monohydrochloride#Staurodorm
D005480,Flurbiprofen,DB00712,3394,"2-Fluoro-alpha-methyl-(1,1'-biphenyl)-4-acetic Acid#Ansaid#Apo-Flurbiprofen#BTS-18322#Cebutid#Dobrofen#E-7869#Flubiprofen#Flugalin#Flurbiprofen#Flurbiprofen Sodium#Fluriproben#Froben#Froben SR#Neo Artrol#Novo-Flurprofen#Nu-Flurbiprofen#Ocufen#Ocuflur#ratio-Flurbiprofen#Strefen"
D005492,Folic Acid,DB00158,6037,"Folacin#Folate#Folic Acid#Folic Acid, (D)-Isomer#Folic Acid, (DL)-Isomer#Folic Acid, Calcium Salt (1:1)#Folic Acid, Monopotassium Salt#Folic Acid, Monosodium Salt#Folic Acid, Potassium Salt#Folic Acid, Sodium Salt#Folvite#Pteroylglutamic Acid#Vitamin B9#Vitamin M"
D005665,Furosemide,DB00695,3440,Errolon#Frusemid#Frusemide#Furanthril#Furantral#Furosemide#Furosemide Monohydrochloride#Furosemide Monosodium Salt#Fursemide#Fusid#Lasix
D005905,Glyburide,DB01016,3488,Daonil#Diabeta#Euglucon 5#Euglucon N#Glibenclamide#Glybenclamide#Glyburide#HB-419#HB-420#Maninil#Micronase#Neogluconin
D005990,Glycerol,DB04077,753,"1,2,3-Trihydroxypropane#Glycerin#Glycerine#Glycerol"
D006220,Haloperidol,DB00502,3559,Haldol#Haloperidol
D006854,Hydrocortisone,DB00741,5754,"11-Epicortisol#Cortifair#Cortisol#Cortril#Epicortisol#Hydrocortisone#Hydrocortisone, (11 alpha)-Isomer#Hydrocortisone, (9 beta,10 alpha,11 alpha)-Isomer"
D007052,Ibuprofen,DB01050,3672,"alpha-Methyl-4-(2-methylpropyl)benzeneacetic Acid#Brufen#Ibumetin#Ibuprofen#Ibuprofen I.V. Solution#Ibuprofen, (+-)-Isomer#Ibuprofen, (R)-Isomer#Ibuprofen, (S)-Isomer#Ibuprofen, Aluminum Salt#Ibuprofen, Calcium Salt#Ibuprofen, Copper (2+) Salt#Ibuprofen, Magnesium Salt#Ibuprofen, Potassium Salt#Ibuprofen, Sodium Salt#Ibuprofen, Zinc Salt#Ibuprofen-Zinc#IP-82#Motrin#Nuprin#Rufen#Salprofen#Trauma-Dolgit Gel"
D007099,Imipramine,DB00458,3696,Imidobenzyle#Imipramine#Imipramine Hydrochloride#Imipramine Monohydrochloride#Imizin#Janimine#Melipramine#Norchlorimipramine#Pryleugan#Tofranil
D007213,Indomethacin,DB00328,3715,Amuno#Indocid#Indocin#Indomet 140#Indometacin#Indomethacin#Indomethacin Hydrochloride#Metindol#Osmosin
D007559,Ivermectin,DB00602,46936176,Eqvalan#Ivermectin#Ivomec#Mectizan#MK-933#Stromectol
D007649,Ketamine,DB01221,3821,2-(2-Chlorophenyl)-2-(methylamino)cyclohexanone#Calipsol#Calypsol#CI-581#Kalipsol#Ketalar#Ketamine#Ketamine Hydrochloride#Ketanest#Ketaset
D007654,Ketoconazole,DB01026,3823,"Janssen Brand of Ketoconazole#Ketoconazole#Nizoral#R-41400#R41,400#R41400"
D007660,Ketoprofen,DB01009,3825,"19,583 RP#2-(3-Benzoylphenyl)propionic Acid#Alrheumat#Alrheumum#Benzoylhydratropic Acid#Ketoprofen#Orudis#Profenid#RP-19583"
D007980,Levodopa,DB01235,6047,"3-Hydroxy-L-tyrosine#Dopaflex#Dopar#L-3,4-Dihydroxyphenylalanine#L-Dopa#Larodopa#Levodopa#Levopa"
D008012,Lidocaine,DB00281,3676,"2-(Diethylamino)-N-(2,6-Dimethylphenyl)Acetamide#2-2EtN-2MePhAcN#Dalcaine#Lidocaine#Lidocaine Carbonate#Lidocaine Carbonate (2:1)#Lidocaine Hydrocarbonate#Lidocaine Hydrochloride#Lidocaine Monoacetate#Lidocaine Monohydrochloride#Lidocaine Monohydrochloride, Monohydrate#Lidocaine Sulfate (1:1)#Lignocaine#Octocaine#Xylesthesin#Xylocaine#Xylocitin#Xyloneural"
D008139,Loperamide,DB00836,3955,Imodium#Loperamide#Loperamide Hydrochloride#Loperamide Monohydrochloride#R-18553
D008148,Lovastatin,DB00227,53232,"6-Methylcompactin#Lovastatin#Lovastatin, (1 alpha(S*))-Isomer#Lovastatin, 1 alpha-Isomer#Mevacor#Mevinolin#MK-803#Monacolin K"
D008376,Maprotiline,DB00934,4011,"Ba-34,276#Deprilept#Dibencycladine#Ludiomil#Maprolu#Maprotilin#Maprotilin Holsten#maprotilin von ct#Maprotilin-neuraxpharm#Maprotilin-ratiopharm#Maprotilin-TEVA#Maprotiline#Maprotiline Hydrochloride#Maprotiline Mesylate#Mirpan#N-Methyl-9,10-ethanoanthracene-9(10H)-propylamine#Novo-Maprotiline#Psymion"
D008463,Mebendazole,DB00643,4030,Abello Farmacia Brand of Mebendazole#Anti-Worm#Ardeypharm Brand of Mebendazole#Bantenol#Banworm#Boots Brand of Mebendazole#Boots Threadworm Treatment#Degort's Brand of Mebendazole#Diba Brand of Mebendazole#Elfar Brand of Mebendazole#Esteve Brand of Mebendazole#Healthypharm Brand of Mebendazole#Janssen Brand of Mebendazole#Leidapharm Brand of Mebendazole#Lomper#Madicure#Mebendan#Mebendazole#Mebenvet#Norgine Brand of Mebendazole#Pfizer Brand of Mebendazole#Pripsen Mebendazole#R17635#Sqworm#SSL Brand of Mebendazole#Streger Brand of Mebendazole#Sufil#Surfont#Taxandria Brand of Mebendazole#Tedec Meiji Brand of Mebendazole#Telmin#Vermicol#Vermidil#Vermin#Vermox#Wormkuur
D008550,Melatonin,DB01065,896,Melatonin
D008559,Memantine,DB01043,4054,"1,3-Dimethyl-5-aminoadamantane#1-Amino-3,5-dimethyladamantane#Axura#D-145#D145#Ebixa#Memantin#Memantine#Memantine Hydrochloride#Namenda"
D008620,Meprobamate,DB00371,4064,Dapaz#Equanil#Meprobamate#Méprobamate Richard#Meprospan#Miltown#Tranmep#Visano
D008691,Methadone,DB00333,4095,Amidone#Biodone#Dolophine#Metadol#Metasedin#Methaddict#Methadone#Methadone Hydrochloride#Methadose#Methex#Phenadone#Phymet#Physeptone#Pinadone#Symoron
D008694,Methamphetamine,DB01577,10836,Deoxyephedrine#Desoxyephedrine#Desoxyn#Madrine#Metamfetamine#Methamphetamine#Methamphetamine Hydrochloride#Methylamphetamine#N-Methylamphetamine
D008715,Methionine,DB00134,6137,"L-Methionine#Liquimeth#Methionine#Methionine, L-Isomer#Pedameth"
D008727,Methotrexate,DB00563,126941,"Amethopterin#Methotrexate#Methotrexate Hydrate#Methotrexate Sodium#Methotrexate, (D)-Isomer#Methotrexate, (DL)-Isomer#Methotrexate, Dicesium Salt#Methotrexate, Disodium Salt#Methotrexate, Sodium Salt#Mexate"
D008750,Methyldopa,DB00968,38853,Aldomet#alpha-Methyl-L-Dopa#alpha-Methyldopa#Alphamethyldopa#Apo-Methyldopa#Dopamet#Dopegit#Dopegyt#Dopergit#Hydopa#Meldopa#Methyldopa#Methyldopate#Nu-Medopa#Sembrina
D008775,Methylprednisolone,DB00959,6741,6-Methylprednisolone#Medrol#Methylprednisolone#Metipred#Urbason
D008790,Metoprolol,DB00264,4171,Beloc-Duriles#Betaloc#Betaloc-Astra#Betalok#CGP-2175#H 93-26#Lopressor#Metoprolol#Metoprolol CR-XL#Metoprolol Succinate#Metoprolol Tartrate#Seloken#Spesicor#Spesikor#Toprol#Toprol-XL
D008797,Metyrapone,DB01011,4174,Alliance Brand of Metyrapone#Methbipyranone#Methopyrapone#Metopiron#Metopirone#Metyrapone#Novartis Brand of Metyrapone#SU 4885
D008825,Miconazole,DB01110,4189,"Brentan#Dactarin#Esteve Brand of Miconazole#Janssen-Cilag Brand of Miconazole#Johnston & Johnston Brand of Miconazole Nitrate#Miconasil Nitrate#Miconazole#Miconazole Nitrate#Monistat#R-14,889"
D008874,Midazolam,DB00683,4192,Dormicum#Midazolam#Midazolam Hydrochloride#Midazolam Maleate#Ro 21-3981#Versed
D008879,Midodrine,DB00211,4195,Amatine#Gutron#Midodrin#Midodrine#Midodrine Hydrochloride#Midodrine Monohydrochloride#Midon#ProAmatine#ST-1085
D008942,Mitoxantrone,DB01204,4212,CL-232325#DHAQ#Mitoxantrone#Mitoxantrone Acetate#Mitoxantrone Hydrochloride#Mitozantrone#Mitroxone#Novantron#Novantrone#NSC-279836#NSC-287836#NSC-299195#NSC-301739#NSC-301739D#Onkotrone#Pralifan#Ralenova
D009020,Morphine,DB00295,5288826,"Duramorph#Morphia#Morphine#Morphine Chloride#Morphine Sulfate#Morphine Sulfate (2:1), Anhydrous#Morphine Sulfate (2:1), Pentahydrate#MS Contin#Oramorph SR#SDZ 202-250#SDZ202-250"
D009241,Ipratropium,DB00332,657308,"(endo,syn)-(+-)-3-(3-Hydroxy-1-oxo-2-phenylpropoxy)-8-methyl-8-(1-methylethyl)-8-azoniabicyclo(3.2.1)octane#Atrovent#Ipratropium#Ipratropium Bromide#Ipratropium Bromide Anhydrous#Ipratropium Bromide Monohydrate#Ipratropium Bromide, (endo,anti)-Isomer#Ipratropium Bromide, (exo,syn)-Isomer#Ipratropium Bromide, endo-Isomer#Itrop#N-Isopropylatropine#Sch-1000#Sch-1178"
D009270,Naloxone,DB01183,5284596,"Abello Brand of Naloxone Hydrochloride#Boots Brand of Naloxone Hydrochloride#Bristol-Myers Squibb Brand of Naloxone Hydrochloride#Curamed Brand of Naloxone Hydrochloride#Endo Brand of Naloxone Hydrochloride#Lamepro Brand of Naloxone Hydrochloride#MRZ 2593-Br#MRZ-2593#Nalone#Naloxon Curamed#Naloxon-ratiopharm#Naloxone#Naloxone Abello#Naloxone Hydrobromide#Naloxone Hydrochloride#Naloxone Hydrochloride Dihydride#Naloxone Hydrochloride, (5 beta,9 alpha,13 alpha,14 alpha)-Isomer#Naloxone, (5 beta,9 alpha,13 alpha,14 alpha)-Isomer#Narcan#Narcanti#ratiopharm Brand of Naloxone Hydrochloride#SERB Brand of Naloxone Hydrochloride#United Drug Brand of Naloxone Hydrochloride"
D009271,Naltrexone,DB00704,5360515,Antaxone#Bristol-Myers Squibb Brand of Naltrexone Hydrochloride#Celupan#Du Pont Brand of Naltrexone Hydrochloride#EN-1639A#Lacer Brand of Naltrexone Hydrochloride#Lamepro Brand of Naltrexone Hydrochloride#Nalorex#Naltrexone#Naltrexone Hydrochloride#Nemexin#Orphan Brand of Naltrexone Hydrochloride#Pharmazam Brand of Naltrexone Hydrochloride#ReVia#Schering-Plough Brand of Naltrexone Hydrochloride#Trexan#United Drug Brand of Naltrexone Hydrochloride
D009288,Naproxen,DB00788,156391,Aleve#Anaprox#Methoxypropiocin#MNPA#Naprosin#Naprosyn#Naproxen#Naproxen Sodium#Proxen#Synflex
D009388,Neostigmine,DB01400,4456,Neostigmine#Neostigmine Bromide#Neostigmine Methylsulfate#Polstigmine#Proserine#Prostigmin#Prostigmine#Prozerin#Synstigmin#Syntostigmine
D009525,Niacin,DB00627,938,"3-Pyridinecarboxylic Acid#Enduracin#Induracin#Lithium Nicotinate#Niacin#Niacin Aluminum Salt#Niacin Ammonium Salt#Niacin Calcium Salt#Niacin Cobalt (2+) Salt#Niacin Copper (2+) Salt#Niacin Hydrochloride#Niacin Iron (2+) Salt#Niacin Lithium Salt#Niacin Lithium Salt, Hemihydrate#Niacin Magnesium Salt#Niacin Manganese (2+) Salt#Niacin Potassium Salt#Niacin Sodium Salt#Niacin Tartrate#Niacin Tosylate#Niacin Zinc Salt#Nicamin#Nico-400#Nicobid#Nicocap#Nicolar#Nicotinate#Nicotinic Acid#Wampocap"
D009529,Nicardipine,DB00622,4474,Almirall Brand of Nicardipine Hydrochloride#Antagonil#Cardene#Cardene I.V.#Cardene SR#Dagan#ESP Pharma Brand of Nicardipine Hydrochloride#Farma Lepori Brand of Nicardipine Hydrochloride#Flusemide#Lecibral#Lincil#Loxen#Lucenfal#Nicardipine#Nicardipine Hydrochloride#Nicardipine LA#Nicardipino Ratiopharm#Nicardipino Seid#Novartis Brand of Nicardipine Hydrochloride#Perdipine#Ratiopharm Brand of Nicardipine Hydrochloride#Ridene#Roche Brand of Nicardipine Hydrochloride#Seid Brand of Nicardipine#Solvay Brand of Nicardipine Hydrochloride#Syntex Brand of Nicardipine Hydrochloride#Tedec Meiji Brand of Nicardipine Hydrochloride#UCB Brand of Nicardipine Hydrochloride#Vasonase#Y-93#Yamanouchi Brand 1 of Nicardipine Hydrochloride#Yamanouchi Brand 2 of Nicardipine Hydrochloride#Yamanouchi Brand 3 of Nicardipine Hydrochloride
D009538,Nicotine,DB00184,942,Nicotine#Nicotine Bitartrate#Nicotine Tartrate
D009543,Nifedipine,DB01115,4485,Adalat#Adcock Ingram Brand of Nifedipine#AWD Pharma Brand of Nifedipine#Bay-1040#BAY-a-1040#Bayer Brand of Nifedipine#Cordipin#Cordipine#Corinfar#Fenigidin#Korinfar#KRKA Brand of Nifedipine#Nifangin#Nifedipine#Nifedipine Monohydrochloride#Nifedipine-GTIS#Orion Brand of Nifedipine#Pfizer Brand of Nifedipine#Procardia#Procardia XL#Vascard
D009567,Nitrazepam,DB01595,4506,Aliud Brand of Nitrazepam#Allphar Brand of Nitrazepam#Alodorm#Alphapharma Brand of Nitrazepam#Alpharma Brand of Nitrazepam#Alter Brand of Nitrazepam#CSP Brand of Nitrazepam#ct-Arzneimittel Brand of Nitrazepam#DDSA Brand of Nitrazepam#Dermatech Brand of Nitrazepam#Desitin Brand of Nitrazepam#Dormalon#Dormicum Brand of Nitrazepam#Dormo-Puren#Eatan#ICN Brand of Nitrazepam#Imadorm#imeson#Mogadon#neuraxpharm Brand of Nitrazepam#Nitrazadon#Nitrazep#Nitrazepam#Nitrazepam AL#Nitrazepam-neuraxpharm#Nitrodiazepam#Norgine Brand of Nitrazepam#Novanox#Pfleger Brand of Nitrazepam#Protea Brand of Nitrazepam#Radedorm#Remnos#Rhoxal-nitrazepam#Rhoxalpharma Brand of Nitrazepam#Scheurich Brand of Nitrazepam#Serenade#Somnite#Taurus Brand of Nitrazepam#United Drug Brand of Nitrazepam#Wernigerode Brand of Nitrazepam
D009568,Nitrendipine,DB01054,4507,Balminil#Bay e 5009#Bayotensin#Baypresol#Baypress#Gericin#Jutapress#Nidrel#Niprina#Nitre AbZ#Nitre-Puren#Nitregamma#Nitren 1A Pharma#Nitren acis#Nitren Lich#Nitrend KSK#Nitrendepat#Nitrendi Biochemie#Nitrendidoc#Nitrendimerck#Nitrendipin AL#Nitrendipin Apogepha#Nitrendipin Atid#Nitrendipin Basics#Nitrendipin beta#Nitrendipin Heumann#Nitrendipin Jenapharm#Nitrendipin Lindo#Nitrendipin Stada#nitrendipin von ct#nitrendipin-corax#Nitrendipin-ratiopharm#Nitrendipine#Nitrendipino Bayvit#Nitrendipino Ratiopharm#Nitrensal#Nitrepress#Tensogradal#Trendinol#Vastensium
D009638,Norepinephrine,DB00368,439260,"Arterenol#Levarterenol#Levonor#Levonorepinephrine#Levophed#Levophed Bitartrate#Noradrenaline#Noradrenaline Bitartrate#Noradrénaline tartrate renaudin#Norepinephrin d-Tartrate (1:1)#Norepinephrine#Norepinephrine Bitartrate#Norepinephrine d-Tartrate (1:1)#Norepinephrine Hydrochloride#Norepinephrine Hydrochloride, (+)-Isomer#Norepinephrine Hydrochloride, (+,-)-Isomer#Norepinephrine l-Tartrate (1:1)#Norepinephrine l-Tartrate (1:1), (+,-)-Isomer#Norepinephrine l-Tartrate (1:1), Monohydrate#Norepinephrine l-Tartrate (1:1), Monohydrate, (+)-Isomer#Norepinephrine l-Tartrate (1:2)#Norepinephrine l-Tartrate, (+)-Isomer#Norepinephrine, (+)-Isomer#Norepinephrine, (+,-)-Isomer"
D009643,Norfloxacin,DB01059,4539,AM-0715#AM-715#Merck Brand of Norfloxacin#MK-0366#MK-366#MK0366#MK366#Norfloxacin#Noroxin
D010042,Ouabain,DB01092,439501,Acocantherin#Acolongifloroside K#G-Strophanthin#Ouabain
D010096,Oxprenolol,DB01580,4631,Coretal#Koretal#Oxprenolol#Oxprenolol Hydrochloride#Slow Trasicor#Tevacor#Trasicor
D010197,Pancuronium,DB01337,441289,Organon Brand of Pancuronium Bromide#Organon Teknika Brand of Pancuronium Bromide#Pancuronium#Pancuronium Bromide#Pancuronium Curamed#Pancuronium Organon#Pavulon#Schwabe Brand of Pancuronium Bromide
D010615,Phenacetin,DB03783,4754,Acetophenetidin#Phenacetin
D010629,Phenformin,DB00914,8249,Fenformin#Phenformin#Phenylethylbiguanide
D010634,Phenobarbital,DB01174,4763,"Gardenal#Hysteps#Luminal#Phenemal#Phenobarbital#Phenobarbital Sodium#Phenobarbital, Monosodium Salt#Phenobarbitone#Phenylbarbital#Phenylethylbarbituric Acid"
D010643,Phenoxybenzamine,DB00925,4768,Dibenylene#Dibenyline#Dibenziran#Dibenzylin#Dibenzyline#Dibenzyran#Phenoxybenzamine#Phenoxybenzamine Hydrochloride
D010653,Phenylbutazone,DB00812,4781,Butacote#Butadion#Butadione#Butapirazol#Butapyrazole#Butazolidin#Diphenylbutazone#Fenilbutazon#Phenylbutazone
D010672,Phenytoin,DB00252,1775,"5,5-Diphenylhydantoin#Antisacer#Difenin#Dihydan#Dilantin#Diphenylhydantoin#Epamin#Epanutin#Fenitoin#Hydantol#Park Davis brand of Phenytoin#Pfizer Brand of Phenytoin#Phenytoin#Phenytoin Sodium#Phizer Brand of Phenytoin#Sodium Diphenylhydantoinate"
D010868,Pimozide,DB01100,16362,Antalon#ASTA Medica Brand of Pimozide#Janssen Brand of Pimozide#Orap#Orap forte#Pharmascience Brand of Pimozide#Pimozide#R-6238
D010894,Piroxicam,DB00554,54676228,CP-16171#Feldene#Piroxicam
D011224,Prazosin,DB00457,4893,Douglas Brand of Prazosin Hydrochloride#Furazosin#Minipress#Pfizer Brand of Prazosin Hydrochloride#Pratsiol#Prazosin#Prazosin HCL#Prazosin Hydrochloride
D011239,Prednisolone,DB00860,5755,Di-Adreson-F#Predate#Prednisolone#Predonine
D011241,Prednisone,DB00635,5865,acis Brand of Prednisone#Apo-Prednisone#Apotex Brand of Prednisone#Aventis Brand of Prednisone#Cortan#Cortancyl#Cutason#Dacortin#Decortin#Decortisyl#Dehydrocortisone#delta-Cortisone#Deltasone#Diba Brand of Prednisone#Encorton#Encortone#Enkortolon#Fawns & McAllan Brand of Prednisone#Ferring Brand of Prednisone#GALENpharma Brand of Prednisone#Halsey Drug Brand of Prednisone#Hexal Brand of Prednisone#Hoechst Brand of Prednisone#ICN Brand of Prednisone#Kortancyl#Lichtenstein Brand of Prednisone#Liquid Pred#Merck Brand of Prednisone#Merz Brand of Prednisone#Meticorten#mibe Brand of Prednisone#Orasone#Panafcort#Panasol#Pharmacia Brand of Prednisone#Predni Tablinen#Prednidib#Predniment#Prednison acsis#Prednison Galen#Prednison Hexal#Prednisone#Pronisone#Rectodelt#Schering-Plough Brand of Prednisone#Seatrace Brand of Prednisone#Solvay Brand of Prednisone#Sone#Sterapred#Trommsdorff Brand of Prednisone#Ultracorten#Winpred
D011339,Probenecid,DB01032,4911,Benecid#Benemid#Benuryl#Pro-Cid#Probecid#Probenecid#Probenecid Weimer
D011342,Procainamide,DB01035,4913,Apo-Procainamide#Biocoryl#Novocainamide#Novocamid#Procainamide#Procainamide Hydrochloride#Procaine Amide#Procamide#Procan#Procan SR#Procanbid#Pronestyl#Rhythmin
D011374,Progesterone,DB00396,5994,"Pregnenedione#Progesterone#Progesterone, (13 alpha,17 alpha)-(+-)-Isomer#Progesterone, (17 alpha)-Isomer#Progesterone, (9 beta,10 alpha)-Isomer"
D011398,Promethazine,DB01069,4927,Atosil#Diphergan#Diprazin#Isopromethazine#Phenargan#Phenergan#Phensedyl#Pipolfen#Pipolphen#Proazamine#Promet#Prometazin#Promethazine#Promethazine Hydrochloride#Prothazin#Pyrethia#Remsed#Rumergan
D011405,Propafenone,DB01182,4932,"Apo-Propafenone#Arythmol#Baxarytmon#Cuxafenon#Fenoprain#Jutanorm#Nistaken#Norfenon#Pintoform#Prolecofen#Propafenon AL#Propafenon Hexal#Propafenon Minden#Propafenone#Propafenone Hydrochloride#Propafenone Hydrochloride, (R)-Isomer#Propafenone Hydrochloride, (S)-Isomer#Propafenone, (+-)-Isomer#Propafenone, (R)-Isomer#Propafenone, (S)-Isomer#Propamerck#Rythmol#Rytmo-Puren#Rytmogenat#Rytmonorm#SA-79"
D011433,Propranolol,DB00571,4946,Anaprilin#Anapriline#Avlocardyl#AY-20694#Betadren#Dexpropranolol#Dociton#Inderal#Obsidan#Obzidan#Propanolol#Propranolol#Propranolol Hydrochloride#Rexigen
D011530,Protriptyline,DB00344,4976,Protriptyline#Protriptyline Hydrochloride#Vivactil
D011794,Quercetin,DB04216,5280343,"3,3',4',5,7-Pentahydroxyflavone#Dikvertin#Quercetin"
D011796,Quinacrine,DB01103,237,"Acrichine#Atabrine#Atebrin#Mepacrine#Quinacrine#Quinacrine Dihydrochloride#Quinacrine Dihydrochloride, Dihydrate#Quinacrine Dihyrochloride, (R)-Isomer#Quinacrine Dihyrochloride, (S)-Isomer#Quinacrine Dimesylate#Quinacrine Hydrochloride#Quinacrine Monoacetate#Quinacrine Monohydrochloride#Quinacrine Monomesylate#Quinacrine, (+-)-Isomer#Quinacrine, (R)-Isomer#Quinacrine, (S)-Isomer"
D011802,Quinidine,DB00908,441074,Adaquin#Apo-Quinidine#Apotex Brand of Quinidine Sulfate#Chinidin#Fawns & McAllan Brand of Quinidine Sulfate#Nelson Brand of Quinidine Sulfate#Quincardine#Quinidex#Quinidine#Quinidine Sulfate#Quinora#Robins Brand of Quinidine Sulfate
D011803,Quinine,DB00468,3034034,Alphapharm Brand of Quinine Sulfate#Aventis Brand of Quinine Bisulfate#Biquinate#Fawns & McAllan Brand of Quinine Bisulfate#Fawns & McAllan Brand of Quinine Sulfate#Foy Brand of Quinine Sulfate#Hoechst Brand of Quinine Sulfate#Innotech Brand of Quinine Hydrochloride#Lafran Brand of Quinine Hydrochloride#Legatrim#Myoquin#Odan Brand of Quinine Sulfate#Plough Brand of Quinine Sulfate#Prosana Brand of Quinine Bisulfate#Quinamm#Quinbisan#Quinbisul#Quindan#Quinimax#Quinine#Quinine Bisulfate#Quinine Hydrochloride#Quinine Lafran#Quinine Sulfate#Quinine Sulphate#Quinine-Odan#Quinoctal#Quinson#Quinsul#Strema#Surquina
D011899,Ranitidine,DB00863,3001055,"AH-19065#Biotidin#N (2-(((5-((Dimethylamino)methyl)-2-furanyl)methyl)thio)ethyl)-N'-methyl-2-nitro-1,1-ethenediamine#Ranisen#Ranitidin#Ranitidine#Ranitidine Hydrochloride#Sostril#Zantac#Zantic"
D012110,Reserpine,DB00206,5770,Raunervil#Raupasil#Rausedil#Rausedyl#Reserpine#Serpasil#Serpivite#V-Serp#Vangarde Brand of Reserpine#Vitarine Brand of Reserpine
D012254,Ribavirin,DB00811,37542,ICN-1229#Rebetol#Ribamide#Ribamidil#Ribamidyl#Ribasphere#Ribavirin#Ribovirin#Tribavirin#Vilona#Viramide#Virazide#Virazole
D012256,Riboflavin,DB00140,493570,Riboflavin#Vitamin B 2#Vitamin B2#Vitamin G
D012293,Rifampin,DB01045,5381226,Benemycin#Rifadin#Rifampicin#Rifampin#Rimactan#Rimactane#Tubocin
D012460,Sulfasalazine,DB00795,5359476,Asulfidine#Azulfadine#Azulfidine#Azulfidine EN#Colo-Pleon#Pleon#Pyralin EN#ratio-Sulfasalazine#Salazopyrin#Salazosulfapyridine#Salicylazosulfapyridine#Sulfasalazin medac#Sulfasalazin-Heyl#Sulfasalazine#Sulfasalazine FNA#Sulphasalazine#Ucine#Ulcol
D012642,Selegiline,DB01037,5195,"Deprenalin#Deprenil#Deprenyl#E-250#Eldepryl#Emsam#Humex#Jumex#L-Deprenyl#Selegiline#Selegiline Hydrochloride#Selegiline Hydrochloride, (R)-Isomer#Selegiline Hydrochloride, (R,S)-Isomer#Selegiline Hydrochloride, (S)-Isomer#Selegiline, (R)-Isomer#Selegiline, (R,S)-Isomer#Selegiline, (S)-Isomer#Selegyline#Yumex#Zelapar"
D013148,Spironolactone,DB00421,5833,Aldactone#Aldactone A#Alphapharm Brand of Spironolactone#Alpharma Brand of Spironolactone#Alter Brand of Spironolactone#Aquareduct#Ashbourne Brand of Spironolactone#Azupharma Brand of Spironolactone#betapharm Brand of Spironolactone#Cardel Brand of Spironolactone#ct-Arzneimittel Brand of Spironolactone#Dexo Brand of Spironolactone#duraspiron#Espironolactona Alter#Espironolactona Mundogen#Flumach#Frumikal#Generosan Brand of Spironolactone#Hormosan Brand of Spironolactone#Jenapharm Brand of Spironolactone#Jenaspiron#Mayoly-Spindler Brand of Spironolactone#Merck dura Brand of Spironolactone#Mundogen Brand of Spironolactone#Novo-Spiroton#Novopharm Brand of Spironolactone#Pfizer Brand of Spironolactone#Pharmafrid Brand of Spironolactone#Practon#Roche Brand of Spironolactone#SC-9420#Searle Brand of Spironolactone#Spiractin#Spiro L.U.T.#spiro von ct#Spirobeta#Spirogamma#Spirolactone#Spirolang#Spirono-Isis#Spironolactone#Spironone#Spirospare#Veroshpiron#Verospiron#Verospirone#Wörwag Brand of Spironolactone
D013311,Streptozocin,DB00428,29327,2-Deoxy-2-((methylnitrosoamino)carbonyl)amino-D-glucose#Streptozocin#Streptozotocin#Streptozotocine#Zanosar
D013442,Sulfinpyrazone,DB01138,5342,Anturan#Anturane#Apo-Sulfinpyrazone#Apotex Brand of Sulfinpyrazone#Novartis Brand of Sulfinpyrazone#Nu-Pharm Brand of Sulfinpyrazone#Nu-Sulfinpyrazone#Sulfinpyrazone#Sulfoxyphenylpyrazolidin#Sulphinpyrazone
D013467,Sulindac,DB00605,1548887,Aclin#Apo-Sulin#Arthrobid#Arthrocine#Chibret#Clinoril#Copal#Kenalin#Klinoril#MK-231#Novo-Sundac#Nu-Sulindac#Sulindac#Sulindal
D013619,Tacrine,DB00382,1935,"1,2,3,4-Tetrahydro-9-acridinamine#1,2,3,4-Tetrahydroaminoacridine#9-Amino-1,2,3,4-Tetrahydroacridine#Cognex#Horizon Brand of Tacrine Hydrochloride#OTL Pharm Brand of Tacrine Hydrochloride#Parke Davis Brand of Tacrine Hydrochloride#Romotal#Tacrine#Tacrine Hydrochloride#Tenakrin#Tetrahydroaminoacridine#THA#Woods Brand of Tacrine Hydrochloride"
D013629,Tamoxifen,DB00675,2733526,"ICI-46,474#ICI-46474#ICI-47699#Nolvadex#Novaldex#Soltamox#Tamoxifen#Tamoxifen Citrate#Tomaxithen#Zitazonium"
D013739,Testosterone,DB00624,6013,17-beta-Hydroxy-4-Androsten-3-one#17-beta-Hydroxy-8 alpha-4-Androsten-3-one#8-Isotestosterone#Androderm#AndroGel#Andropatch#Androtop#AstraZeneca Brand of Testosterone#Auxilium Pharmaceuticals Inc. Brand of Testosterone#Bartor Brand of Testosterone#CEPA Brand of Testosterone#Dr. Kade Brand of Testosterone#Faulding Brand of Testosterone#Ferring Brand of Testosterone#GlaxoSmithKline Brand of Testosterone#Hauck Brand of Testosterone#Histerone#Ortho Brand of Testosterone#Paladin Brand of Testosterone#Pasadena Brand of Testosterone#Schering Brand of Testosterone#SmithKline Beecham Brand of Testosterone#Solvay Brand of Testosterone#Sterotate#Sustanon#Testim#Testoderm#Testolin#Testopel#Testosterone#Testosterone Sulfate#Ulmer Brand of Testosterone#Unimed Brand of Testosterone#Watson Brand of Testosterone
D013752,Tetracycline,DB00759,54675776,4-Epitetracycline#Achromycin#Achromycin V#Hostacyclin#Sustamycin#Tetrabid#Tetracycline#Tetracycline Hydrochloride#Tetracycline Monohydrochloride#Topicycline
D013759,Dronabinol,DB00470,16078,"9-ene-Tetrahydrocannabinol#delta(1)-Tetrahydrocannabinol#delta(1)-THC#delta(9)-Tetrahydrocannabinol#delta(9)-THC#Dronabinol#Marinol#Tetrahydrocannabinol#Tetrahydrocannabinol, (6a-trans)-Isomer#Tetrahydrocannabinol, (6aR-cis)-Isomer#Tetrahydrocannabinol, (6aS-cis)-Isomer#Tetrahydrocannabinol, Trans-(+-)-Isomer#Tetrahydrocannabinol, Trans-Isomer#THC"
D013806,Theophylline,DB00277,2153,"1,3-Dimethylxanthine#3,7-Dihydro-1,3-dimethyl-1H-purine-2,6-dione#Accurbron#Aerobin#Aerolate#Afonilum Retard#Aquaphyllin#Armophylline#Bronchoparat#Bronkodyl#Constant-T#ct-Arzneimittel Brand of Theophylline Sodium Glycinate#Elixophyllin#Euphylong#Fameasan Brand of Theophylline Sodium Glycinate#Fujisawa Brand of Theophylline Sodium Glycinate#Glycine Theophyllinate#Lodrane#Monospan#Mundipharma Brand of Theophylline Sodium Glycinate#Nuelin#Nuelin S.A.#Quibron T-SR#Slo-Phyllin#Somophyllin-T#Sustaire#Synophylate#theo von ct#Theo-24#Theo-Dur#Theobid#Theocin#Theoconfin Continuous#Theodur#Theolair#Theolix#Theon#Theonite#Theopek#Theophylline#Theophylline Anhydrous#Theophylline Sodium Glycinate#Theospan#Theostat#Theovent#Uniphyl#Uniphyllin#Uniphylline"
D013888,Thiothixene,DB01623,941651,Navane#Pfizer Brand of Tiotixene#Pfizer Brand of Tiotixene Dihydrochloride#Thiothixene#Tiotixene
D013974,Thyroxine,DB00451,5819,"3,5,3',5'-Tetraiodothyronine#Berlthyrox#Dexnon#Eferox#Eltroxin#Eltroxine#Euthyrox#Eutirox#L-3,5,3',5'-Tetraiodothyronine#L-Thyrox#L-Thyroxin beta#L-Thyroxin Henning#L-Thyroxine#L-Thyroxine Roche#Levo-T#Levothroid#Levothyroid#Lévothyrox#Levothyroxin Deladande#Levothyroxin Delalande#Levothyroxine#Levothyroxine Sodium#Levoxine#Levoxyl#Novothyral#Novothyrox#O-(4-Hydroxy-3,5-diiodophenyl) 3,5-diiodo-L-tyrosine#O-(4-Hydroxy-3,5-diiodophenyl)-3,5-diiodotyrosine#Oroxine#Sodium Levothyroxine#Synthroid#Synthrox#T4 Thyroid Hormone#Thevier#Thyrax#Thyroxin#Thyroxine#Tiroidine#Tiroxina Leo#Unithroid"
D013999,Timolol,DB00373,5478,"(S)-1-((1,1-Dimethylethyl)amino)-3-((4-(4-morpholinyl)-1,2,5-thiadazol-3-yl)oxy)-2-propanol#Blocadren#L-714,465#MK-950#Optimol#Timacar#Timolol#Timolol Hemihydrate#Timolol Maleate#Timolol Maleate, (1:1) Salt#Timoptic#Timoptol"
D014044,Tolbutamide,DB01124,5505,Apo-Tolbutamide#Artosin#Diabetol#Diaval#Dolipol#Orabet#Orinase#Rastinon#Tolbutamid R.A.N.#Tolbutamide
D014046,Tolmetin,DB00500,5509,"McN-2559#Tolectin#Tolmetin#Tolmetin Sodium#Tolmetin Sodium Anhydrous#Tolmetin Sodium, Anhydrous#Tolmetin Sodium, Dihydrate"
D014196,Trazodone,DB00656,5533,AF-1161#Apo-Trazodone#Apotex Brand of Trazodone Hydrochloride#Apothecon Brand of Trazodone Hydrochloride#Aventis Brand of Trazodone Hydrochloride#Aventis Pharma Brand of Trazodone Hydrochloride#Boehringer Ingelheim Brand of Trazodone Hydrochloride#Bristol-Myers Squibb Brand of Trazodone Hydrochloride#Deprax#Desyrel#Farma Lepori Brand of Trazodone Hydrochloride#Gen-Trazodone#Genpharm Brand of Trazodone Hydrochloride#Hexal Brand of Trazodone Hydrochloride#Molipaxin#neuraxpharm Brand of Trazodone Hydrochloride#Novo-Trazodone#Novopharm Brand of Trazodone Hydrochloride#Nu-Pharm Brand of Trazodone Hydrochloride#Nu-Trazodone#Pharmascience Brand of Trazodone Hydrochloride#PMS-Trazodone#ratio-Trazodone#Ratiopharm Brand of Trazodone Hydrochloride#Searle Brand of Trazodone Hydrochloride#Sidmark Brand of Trazodone Hydrochloride#Thombran#Tradozone#Trazodon Hexal#Trazodon-neuraxpharm#Trazodone#Trazodone Hydrochloride#Trazon#Trittico
D014212,Tretinoin,DB00755,5538,all-trans-Retinoic Acid#beta-all-trans-Retinoic Acid#Retin-A#Retinoic Acid#trans-Retinoic Acid#Tretinoin#Tretinoin Potassium Salt#Tretinoin Sodium Salt#Tretinoin Zinc Salt#Vesanoid#Vitamin A Acid
D014268,Trifluoperazine,DB00831,5566,Allphar Brand of Trifluoperazine Hydrochloride#Apo-Trifluoperazine#Apotex Brand of Trifluoperazine Hydrochloride#Eskazine#Flupazine#GlaxoSmithKline Brand of Trifluoperazine Hydrochloride#Link Brand of Trifluoperazine Hydrochloride#Psicofarma Brand of Trifluoperazine Hydrochloride#Rhone-Poulenc Rorer Brand of Trifluoperazine Hydrochloride#Scios Brand of Trifluoperazine Hydrochloride#SmithKline Beecham Brand of Trifluoperazine Hydrochloride#Stelazine#Terfluzine#Trifluoperazine#Trifluoperazine HCL#Trifluoperazine Hydrochloride#Trifluoroperazine#Trifluperazine#Triftazin
D014295,Trimethoprim,DB00440,5578,Proloprim#Trimethoprim#Trimpex
D014299,Trimipramine,DB00726,5584,"10,11 Dihydro-N,N,beta-trimethyl-5H-dibenz(b,f)azepine-5-propanamine#Apo-Trimip#Apotex Brand of Trimipramine Maleate#Aventis Brand of Trimipramine#Aventis Brand of Trimipramine Maleate#AWD.pharma Brand of Trimipramine Maleate#Azupharma Brand of Trimipramine Maleate#betapharm Brand of Trimipramine Maleate#Eldoral#Herphonal#Hexal Brand of Trimipramine#Merck dura Brand of Trimipramine Maleate#neurazpharm Brand of Trimipramine Maleate#Neuro Hexal Brand of Trimipramine Maleate#Novo-Tripramine#Novopharm Brand of Trimipramine Maleate#Nu-Pharm Brand of Trimipramine Maleate#Nu-Trimipramine#Odyssey Brand of Trimipramine Maleate#Rhodiapharm Brand of Trimipramine Maleate#Rhone-Poulenc Rorer Brand of Trimipramine Maleate#Rhotrimine#Stadapharm Brand of Trimipramine Maleate#Stangyl#Surmontil#Surmontil Maleate#Temmler Brand of Trimipramine Maleate#Trimeprimine#Trimidura#Trimineurin#Trimineurin Maleate#Trimipramin AZU#Trimipramin beta#Trimipramin Stada#Trimipramin-neurazpharm#Trimipramine#Trimipramine Maleate#Trimipramine Maleate (1:1)#Trimipramine Maleate (1:1), (+)-Isomer#Trimipramine Maleate (1:1), (+-)-Isomer#Trimipramine Maleate (1:1), (-)-Isomer#Trimipramine Mesylate#Trimipramine Monohydrochloride#Trimipramine, (+-)-Isomer#Trimipramine, (-)-Isomer"
D014580,Ursodeoxycholic Acid,DB01586,31401,"3 alpha,7 beta-Dihydroxy-5 beta-cholan-24-oic Acid#Antigen Brand of Ursodeoxycholic Acid#Aventis Brand of Ursodeoxycholic Acid#Axcan Brand of Ursodeoxycholic Acid#Cholit-Ursan#Cholofalk#CP Brand of Ursodeoxycholic Acid#Delursan#Deoxyursocholic Acid#Destolit#Estedi Brand of Ursodeoxycholic Acid#Falk Brand of Ursodeoxycholic Acid#Farmasa Brand of Ursodeoxycholic Acid#Galen Brand of Ursodeoxycholic Acid#Heumann Brand of Ursodeoxycholic Acid#Niddapharm Brand of Ursodeoxycholic Acid#Norgine Brand of Ursodeoxycholic Acid#Orphan Brand of Ursodeoxycholic Acid#Provalis Brand of Ursodeoxycholic Acid#Sanofi Synthelabo Brand of Ursodeoxycholic Acid#Sodium Ursodeoxycholate#Tramedico Brand of Ursodeoxycholic Acid#Urdox#Ursacholic Acid#Urso#Urso Heumann#Ursobilane#Ursochol#Ursodeoxycholic Acid#Ursodiol#Ursofalk#Ursogal#Ursolite#Ursolvan#Vita Brand of Ursodeoxycholic Acid#Zambon Brand of Ursodeoxycholic Acid"
D014635,Valproic Acid,DB00313,3121,"2-Propylpentanoic Acid#Calcium Valproate#Convulsofin#Depakene#Depakine#Depakote#Dipropyl Acetate#Divalproex#Divalproex Sodium#Ergenyl#Magnesium Valproate#Propylisopropylacetic Acid#Semisodium Valproate#Sodium Valproate#Valproate#Valproate Calcium#Valproate Sodium#Valproic Acid#Valproic Acid, Sodium Salt (2:1)#Vupral"
D014700,Verapamil,DB00661,2520,Calan#Cordilox#Dexverapamil#Falicard#Finoptin#Iproveratril#Isoptin#Isoptine#Izoptin#Lekoptin#Verapamil#Verapamil Hydrochloride
D014747,Vinblastine,DB00570,241903,cell pharm Brand of Vinblastine Sulfate#cellblastin#EG Labo Brand of Vinblastine Sulfate#Faulding Brand of Vinblastine Sulfate#Gastrozepin Brand of Vinblastine Sulfate#Gry Brand of Vinblastine Sulfate#Hexal Brand of Vinblastine Sulfate#Lemblastine#Lemery Brand of Vinblastine Sulfate#Lilly Brand of Vinblastine Sulfate#Velban#Velbe#Vinblastin Hexal#Vinblastina Lilly#Vinblastine#Vinblastine Sulfate#Vinblastinsulfat-Gry#Vincaleukoblastine
D014750,Vincristine,DB00541,5978,cellcristin#Citomid#Farmistin#Leurocristine#Oncovin#Oncovine#Onkocristin#Vincasar#Vincasar PFS#Vincristin Bristol#Vincristin medac#Vincristine#Vincristine Sulfate#Vincrisul#Vintec
D014805,Vitamin B 12,DB00115,44176380,Cobalamin#Cobalamins#Cyanocobalamin#Eritron#Vitamin B 12#Vitamin B12
D015215,Zidovudine,DB00495,35370,"3'-Azido-2',3'-Dideoxythymidine#3'-Azido-3'-deoxythymidine#Azidothymidine#AZT (Antiviral)#AZT Antiviral#AZT, Antiviral#BW A509U#BWA-509U#Retrovir#Zidovudine"
D015232,Dinoprostone,DB00917,5280360,Dinoprostone#PGE2#PGE2 alpha#PGE2alpha#Prepidil Gel#Prostaglandin E2#Prostaglandin E2 alpha#Prostaglandin E2alpha#Prostenon
D015242,Ofloxacin,DB01165,4583,DL-8280#DR-3355#Hoe-280#Ofloxacin#Ofloxacin Hydrochloride#Ofloxacine#ORF-28489#Ru-43280#Tarivid
D015248,Gemfibrozil,DB01241,3463,Apo-Gemfibrozil#Ausgem#Bolutol#Chem mart Gemfibrozil#CI-719#DBL Gemfibrozil#Decrelip#Gemfi 1A Pharma#Gemfibrosil#Gemfibrozil#Gemfibrozilo Bayvit#Gemfibrozilo Bexal#Gemfibrozilo Ur#Gemhexal#Gen-Gemfibrozil#GenRX Gemfibrozil#Healthsense Gemfibrozil#Jezil#Lipazil#Lipox Gemfi#Lipur#Litarek#Lopid#Lopid R#Novo-Gemfibrozil#Nu-Gemfibrozil#Pilder#PMS-Gemfibrozil#SBPA Gemfibrozil#Terry White Chemists Gemfibrozil#Trialmin
D015251,Epirubicin,DB00445,41867,4'-Epi-Adriamycin#4'-Epi-Doxorubicin#4'-Epi-DXR#4'-Epiadriamycin#4'-Epidoxorubicin#Ellence#EPI-cell#Epilem#Epirubicin#Epirubicin Hydrochloride#Farmorubicin#Farmorubicina#Farmorubicine#IMI-28#NSC-256942#Pharmorubicin
D015255,Idarubicin,DB01177,42890,4-Demethoxydaunorubicin#4-Desmethoxydaunorubicin#Idarubicin#Idarubicin Hydrochloride#IMI-30#NSC-256439
D015283,Citalopram,DB01175,146570,Citalopram#Cytalopram#Escitalopram#Lexapro#Lu-10-171
D015735,Mifepristone,DB00834,55245,Contragest Brand of Mifepristone#Danco Brand of Mifepristone#Exelgyn Brand of Mifepristone#Mifegyne#Mifeprex#Mifepristone#R-38486#R38486#RU-38486#RU-486#ZK-98296#ZK98296
D015736,Felodipine,DB01023,3333,1A Brand of Felodipine#AbZ Brand of Felodipine#Agon#Aliud Brand of Felodipine#Alphapharm Brand of Felodipine#Alpharma Brand of Felodipine#Astra Brand of Felodipine#AstraZeneca Brand of Felodipine#Aventis Brand of Felodipine#Azupharma Brand of Felodipine#BC Brand of Felodipine#betapharm Brand of Felodipine#ct-Arzneimittel Brand of Felodipine#Felo Biochemie#Felo-Puren#Felobeta#Felocor#Felodipin 1A Pharma#Felodipin AbZ#Felodipin AL#Felodipin AZU#Felodipin dura#Felodipin Heumann#Felodipin Stada#felodipin von ct#Felodipin-ratiopharm#Felodipine#Felodur#Felogamma#Fensel#Flodil#H 154-82#Heumann Brand of Felodipine#Hexal Brand of Felodipine#Hoechst Brand of Felodipine#Merck dura Brand of Felodipine#Modip#Munobal#Perfudal#Pharmaceutica Astra Brand of Felodipine#Pharmacia Spain Brand of Felodipine#Plendil#Promed Brand of Felodipine#ratiopharm Brand of Felodipine#Renedil#Stadapharm Brand of Felodipine#TheraPharm Brand of Felodipine#Wörwag Brand of Felodipine
D015737,Nisoldipine,DB00401,4499,Bay K 5552#Nisoldipine
D015738,Famotidine,DB00927,3325,Famotidine#Famotidine Hydrochloride#MK-208#Pepcid#YM-11170
D015760,Alfentanil,DB00802,51263,Alfenta#Alfentanil#Alfentanil Hydrochloride#Alfentanyl#Fanaxal#Limifen#R-39209#Rapifen
D015764,Bepridil,DB01244,2351,"1978-CERM#Bedapin#Bepadin#Bepridil#Bepridil Monohydrochloride#Bepridil Monohydrochloride, alpha-Isomer#Bepridil Monohydrochloride, Monohydrate#Bepridil, (+)-Isomer#Bepridil, (+-)-Isomer#Bepridil, (-)-Isomer#Bepridil, alpha-Isomer#CERM-1978#Cordium#Nourypharma Brand of Bepridil Hydrochloride#Riom Brand of Bepridil Hydrochloride#Unicordium#Vascor#Wallace Brand of Bepridil Hydrochloride"
D015766,Albendazole,DB00518,2082,Albendazole#Albendazole Monohydrochloride#Albendoral#Albenza#Bendapar#Bilutac#Digezanol#Disthelm#Endoplus#Eskazole#Gascop#Lurdex#Mediamix V Disthelm#Metiazol#SK&F-62979#SKF-62979#Valbazen#Zentel
D015767,Mefloquine,DB00358,4046,"Hoffmann-La Roche Brand of Mefloquine Hydrochloride#Lariam#Mefloquine#Mefloquine Hydrochloride#Mephloquine#Ro-21-5998-001#Roche Brand of Mefloquine Hydrochloride#WR-142,490#WR-177,602"
D016589,Astemizole,DB00637,2247,Alacan Brand of Astemizole#Alermizol#Alonga Brand of Astemizole#Astemina#Astemizol Alonga#Astemizol ratiopharm#Astemizole#Astesen#Byk Brand of Astemizole#Diba Brand of Astemizole#Elfar Brand of Astemizole#Emdar#Esmacen#Esteve Brand of Astemizole#Fustermizol#Fustery Brand of Astemizole#Hismanal#Histaminos#Hubermizol#ICN Brand of Astemizole#Janssen Brand of Astemizole#Laridal#Lesvi Brand of Astemizole#McNeil Brand of Astemizole#Medinsa Brand of Astemizole#Merck Brand of Astemizole#Paralergin#R-43-512#ratiopharm Brand of Astemizole#Reig Jofre Brand of Astemizole#Retolen#Rifedot#Rimbol#Romadin#Senosiain Brand of Astemizole#Septa Brand of Astemizole#Simprox#Smaller Brand of Astemizole#Urbion Brand of Astemizole#Urdrim#Vita Brand of Astemizole
D016593,Terfenadine,DB00342,5405,"Aliud Brand of Terfenadine#alpha-(4-(1,1-Dimethylethyl)phenyl)-4-(hydroxydiphenylmethyl)-1-piperdinebutanol#Balkis Saft Spezial#Bial Brand of Terfenadine#Cantabria Brand of Terfenadine#ct-Arzneimittel Brand of Terfenadine#Cyater#Dolorgiet Brand of Terfenadine#Heumann Brand of Terfenadine#Hisfedin#Hoechst Brand of Terfenadine#Merck dura Brand of Terfenadine#Mundipharma Brand of Terfenadine#Rapidal#ratiopharm Brand of Terfenadine#RMI-9918#Seldane#Sigma-Tau Brand of Terfenadine#Stadapharm Brand of Terfenadine#Teldane#Terfedura#Terfemundin#Terfenadin AL#Terfenadin Heumann#Terfenadin Stada#terfenadin von ct#Terfenadin-ratiopharm#Terfenadine#Terfenidine#Ternadin#Triludan#Wolff Brand of Terfenadine"
D016666,Fluvoxamine,DB00176,3404,"Desiflu#DU-23000#Dumirox#Faverin#Fevarin#Floxyfral#Fluvoxadura#Fluvoxamin AL#Fluvoxamin beta#Fluvoxamin Stada#Fluvoxamin-neuraxpharm#Fluvoxamin-ratiopharm#Fluvoxamina Geminis#Fluvoxamine#Fluvoxamine Maleate#Fluvoxamine Maleate, (E)-Isomer#Fluvoxamine, (Z)-Isomer#Luvox#Novo-Fluvoxamine#Nu-Fluvoxamine#PMS-Fluvoxamine#ratio-Fluvoxamine"
D016718,Arachidonic Acid,DB04557,5312542,"(all-Z)-5,8,11,14-Eicosatetraenoic acid#Arachidonic Acid#Arachidonic Acid, (all-Z)-Isomer, 1-(14)C-Labeled#Arachidonic Acid, (all-Z)-isomer, 3H-Labeled#Arachidonic Acid, Ammonium Salt, (all-Z)-Isomer#Arachidonic Acid, Cerium Salt, (all-Z)-Isomer#Arachidonic Acid, Cesium Salt, (all-Z)-Isomer#Arachidonic Acid, Lithium Salt, (all-Z)-Isomer#Arachidonic Acid, Potassium Salt, (all-Z)-Isomer#Arachidonic Acid, Sodium Salt#Arachidonic Acid, Sodium Salt, (all-Z)-Isomer#Arachidonic Acid, Zinc Salt, (all-Z)-Isomer#Sodium Arachidonate#Vitamin F"
D017035,Pravastatin,DB00175,54687,"Apo-Pravastatin#Bristacol#CS-514#Elisor#Eptastatin#Lin-Pravastatin#Lipemol#Liplat#Lipostat#Mevalotin#Nu-Pravastatin#Prareduct#Pravachol#Pravacol#Pravasin#Pravastatin#Pravastatin Monosodium Salt, (6 beta)-Isomer#Pravastatin Sodium#Pravastatin Sodium Salt#Pravastatin tert-Octylamine Salt#Pravastatin, (6 beta)-Isomer#RMS-431#Selektine#SQ-31,000#SQ-31000#Vasten"
D017239,Paclitaxel,DB01229,36314,"7-epi-Taxol#Anzatax#Bris Taxol#NSC-125973#Onxol#Paclitaxel#Paclitaxel, (4 alpha)-Isomer#Paxene#Praxel#Taxol#Taxol A"
D017257,Ramipril,DB00178,5362129,Acovil#Altace#Carasel#Delix#HOE-498#Ramace#Ramipril#Triatec#Tritace#Vesdil#Zabien
D017291,Clarithromycin,DB01211,84029,6-O-Methylerythromycin#A-56268#Biaxin#Clarithromycin#TE-031
D017292,Doxazosin,DB00590,3157,"1 (4-Amino-6,7-dimethoxy-2-quinazolinyl)-4-((2,3-dihydro-1,4-benzodioxin-2-yl)carbonyl)piperazine#Alfamedin#Aliud Brand of Doxazosin Mesylate#Almirall Brand of Doxazosin Mesylate#Alpharma Brand of Doxazosin Mesylate#Alter Brand of Doxazosin Mesylate#Apo-Doxazosin#Apogepha Brand of Doxazosin Mesylate#Apotex Brand of Doxazosin Mesylate#AstraZeneca Brand of Doxazosin Mesylate#Azupharma Brand of Doxazosin Mesylate#betapharm Brand of Doxazosin Mesylate#Cantabria Brand of Doxazosin Mesylate#Cardular#Cardura#Carduran#Carduran Neo#Ciclum Brand of Doxazosin Mesylate#Cinfa Brand of Doxazosin Mesylate#Combino Brand of Doxazosin Mesylate#ct-Arzneimittel Brand of Doxazosin Mesylate#Diblocin#Doxa-Puren#Doxacor#Doxagamma#Doxamax#Doxatensa#DoxaUro#Doxazomerck#Doxazosin#Doxazosin AL#Doxazosin Apogepha#Doxazosin AZU#Doxazosin beta#Doxazosin findusFit#Doxazosin Heumann#Doxazosin Klast#Doxazosin Mesylate#Doxazosin Monohydrochloride#Doxazosin Stada#doxazosin von ct#Doxazosin-ratiopharm#Doxazosin-Wolff#Doxazosina Alter#Doxazosina Cinfa#Doxazosina Combino Pharm#Doxazosina Geminis#Doxazosina Normon#Doxazosina Pharmagenus#Doxazosina Ratiopharm#Doxazosina Ur#esparma Brand of Doxazosin Mesylate#findusFit Brand of Doxazosin Mesylate#Geminis Brand of Doxazosin Mesylate#Gen-Doxazosin#Genpharm Brand of Doxazosin Mesylate#Heumann Brand of Doxazosin Mesylate#Hexal Brand of Doxazosin Mesylate#Juta Brand of Doxazosin Mesylate#Jutalar#Kade Brand of Doxazosin Mesylate#Linden Brand of Doxazosin Mesylate#Merck dura Brand of Doxazosin Mesylate#MTW Brand of Doxazosin Mesylate#MTW-Doxazosin#Normon Brand of Doxazosin Mesylate#Novo-Doxazosin#Novopharm Brand of Doxazosin Mesylate#Pfizer Brand of Doxazosin Mesylate#Pharmagenus Brand of Doxazosin Mesylate#Progandol Neo#Q-Pharm Brand of Doxazosin Mesylate#ratio-Doxazosin#Ratiopharm Brand of Doxazosin Mesylate#Solvay Brand of Doxazosin Mesylate#Stadapharm Brand of Doxazosin#TAD Brand of Doxazosin Mesylate#UK-33274#Uriduct#Wolff Brand of Doxazosin Mesylate#Wörwag Brand of Doxazosin Mesylate#Zoxan"
D017308,Etodolac,DB00749,3308,"AY-24,236#AY-24236#Etodolac#Etodolac, (+-)-Isomer#Etodolac, (-)-Isomer#Etodolac, (S)-Isomer#Etodolac, Monosodium Salt#Etodolac, Monosodium Salt, (+-) Isomer#Etodolac, Monosodium Salt, (S)-Isomer#Etodolic Acid#Lodine#Ramodar#Ultradol"
D017312,Toremifene,DB00539,3005573,"Fareston#FC-1157a#Toremifene#Toremifene Citrate#Toremifene Citrate (1:1)#Toremifene, (E)-Isomer"
D017336,Loratadine,DB00455,3957,"4-(8-Chloro-5,6-dihydro-11H-benzo(5,6)cyclohepta(1,2-b)pyridin-11-ylidene)-1-piperidinecarboxylic Acid Ethyl Ester#Alavert#Claritin#Clarium#Loratadine#Sch-29851#Wyeth Brand of Loratadine"
D017338,Cladribine,DB00242,20279,2'-Deoxy-2-chloroadenosine#2-Chloro-2'-deoxyadenosine#2-Chlorodeoxyadenosine#Cladribine#Leustatin
D017374,Paroxetine,DB00715,43815,"Aropax#BRL-29060#FG-7051#Paroxetine#Paroxetine Acetate#Paroxetine Hydrochloride#Paroxetine Hydrochloride Anhydrous#Paroxetine Hydrochloride Hemihydrate#Paroxetine Hydrochloride, Hemihydrate#Paroxetine Maleate#Paroxetine, cis-(+)-Isomer#Paroxetine, cis-(-)-Isomer#Paroxetine, trans-(+)-Isomer#Paxil#Seroxat"
D017964,Itraconazole,DB01167,55283,Itraconazole#Janssen Brand of Itraconazole#Janssen-Cilag Brand of Itraconazole#Orungal#R-51211#Sporanox
D018170,Sumatriptan,DB00669,5358,3-(2-(Dimethylamino)ethyl)-N-methyl-1H-indole-5-methanesulfonamide#Glaxo Wellcome Brand of Sumatriptan#GR-43175#GSK Brand of Sumatriptan#Imigran#Sumatriptan#Sumatriptan Succinate
D018967,Risperidone,DB00734,5073,"R-64,766#R-64766#Risperdal Consta#Risperidal#Risperidone"
D019782,Riluzole,DB00740,5070,2-Amino-6-trifluoromethoxybenzothiazole#Aventis Behring Brand of Riluzole#Aventis Brand of Riluzole#Impax Brand of Riluzole#PK-26124#Rhone-Poulenc Rorer Brand of Riluzole#Rilutek#Riluzole#RP-54274
D019808,Losartan,DB00678,3961,"2-Butyl-4-chloro-1-((2'-(1H-etrazol-5-yl) (1,1'-biphenyl)-4-yl)methyl)-1H-imidazole-5-methanol#Cozaar#DuP-753#Losartan#Losartan Monopotassium Salt#Losartan Potassium#MK-954#MK954"
D019821,Simvastatin,DB00641,54454,MK-733#Simvastatin#Synvinolin#Zocor
D019833,Genistein,DB01645,5280961,Genestein#Genistein
D020123,Sirolimus,DB00877,5460439,AY 22-989#I-2190A#Rapamune#Rapamycin#Sirolimus
D020156,Salicylic Acid,DB00936,338,2-Hydroxybenzoic Acid#o-Hydroxybenzoic Acid#ortho-Hydroxybenzoic Acid#Salicylic Acid
D020280,Sertraline,DB01104,68617,Altruline#Apo-Sertraline#Aremis#Besitran#Gen-Sertraline#Gladem#Lustral#Novo-Sertraline#ratio-Sertraline#Rhoxal-sertraline#Sealdin#Sertraline#Sertraline Hydrochloride#Sertraline Hydrochloride (1S-cis)-Isomer#Zoloft
D020748,Mibefradil,DB01388,60663,Mibefradil#Mibefradil Dihydrochloride#Posicor#Ro 40-5967#Roche Brand of Mibefradil Dihydrochloride
D020913,Perindopril,DB00790,107807,Perindopril#Perindopril Erbumine#Perstarium#Pirindopril#S 9490-3#S-9490
